model_id,model_name,paper_arch,native_framework,native_model_name,exactness_status,device_name,cuda_version,driver_version,cudnn_version,framework_version,trial_id,process_fresh_start,model_load_ms,first_call_ms,measured_iterations,mean_inference_ms,std_inference_ms,p50_inference_ms,p95_inference_ms,p99_inference_ms,min_inference_ms,max_inference_ms,mean_kernel_ms,std_kernel_ms,p95_kernel_ms,mean_end_to_end_ms,gpu_util_avg_pct,gpu_util_peak_pct,gpu_mem_avg_mb,gpu_mem_peak_mb,power_avg_w,power_peak_w,energy_j,mem_bandwidth_gbps,mem_bandwidth_supported,status,error_message,run_mode,profiler_artifact_paths,schema_version
1,selfie_segmentation,Google ML Kit / custom MobileNetV3 segmentation backbone,pytorch,lraspp_mobilenet_v3_large (torchvision COCO_WITH_VOC_LABELS_V1),near_equivalent,NVIDIA GeForce RTX 3060,12.1,unknown,,,0,True,1504.3319000396878,208.67959992028773,1024,3.9917777382925124,0.9171751455494689,3.8144999416545033,4.931605083402246,5.629760080482811,3.415200160816312,28.287499910220504,3.9571766497101635,0.9138661264870102,4.893081426620483,3.9917777382925124,25.833333333333332,41.0,1744.6666666666667,1837.0,48.96,60.96,249.94648932945216,,False,success,,clean_benchmark,{},1.3
1,selfie_segmentation,Google ML Kit / custom MobileNetV3 segmentation backbone,pytorch,lraspp_mobilenet_v3_large (torchvision COCO_WITH_VOC_LABELS_V1),near_equivalent,NVIDIA GeForce RTX 3060,12.1,unknown,,,1,True,1402.6089999824762,193.35200008936226,1024,4.714919044999988,1.1392114461603629,4.3239499209448695,6.761309911962599,7.240648069418967,3.4398999996483326,11.141000082716346,4.673685250338167,1.1329151883147697,6.72941129207611,4.714919044999988,26.833333333333332,45.0,1751.8333333333333,1839.0,45.47666666666667,57.88,229.75777529144193,,False,success,,clean_benchmark,{},1.3
1,selfie_segmentation,Google ML Kit / custom MobileNetV3 segmentation backbone,pytorch,lraspp_mobilenet_v3_large (torchvision COCO_WITH_VOC_LABELS_V1),near_equivalent,NVIDIA GeForce RTX 3060,12.1,unknown,,,2,True,1384.7248998936266,202.88469991646707,1024,4.0274640577990795,0.5099963653039491,3.8771999534219503,4.864419938530773,5.404209145344794,3.4912999253720045,9.924399899318814,3.9908238081261516,0.5084134180657505,4.823477005958557,4.0274640577990795,23.166666666666668,43.0,1736.8333333333333,1824.0,46.10166666666667,61.47,230.95276055209922,,False,success,,clean_benchmark,{},1.3
1,selfie_segmentation,Google ML Kit / custom MobileNetV3 segmentation backbone,pytorch,lraspp_mobilenet_v3_large (torchvision COCO_WITH_VOC_LABELS_V1),near_equivalent,NVIDIA GeForce RTX 3060,12.1,unknown,,,3,True,1391.6339001152664,199.69109981320798,1024,3.9543135685562447,0.4289133628566167,3.805899992585182,4.667539952788501,5.100147952325642,3.4574000164866447,10.241399984806776,3.9189081268850714,0.4269875988487811,4.629985737800598,3.9543135685562447,25.833333333333332,44.0,1737.8333333333333,1825.0,49.26333333333333,61.92,249.41337221503608,,False,success,,clean_benchmark,{},1.3
1,selfie_segmentation,Google ML Kit / custom MobileNetV3 segmentation backbone,pytorch,lraspp_mobilenet_v3_large (torchvision COCO_WITH_VOC_LABELS_V1),near_equivalent,NVIDIA GeForce RTX 3060,12.1,unknown,,,4,True,1367.9661001078784,219.5852999575436,1024,3.9980166975510656,0.44223735218372023,3.8693000096827745,4.7360900905914605,5.10104293236509,3.4713000059127808,10.089199990034103,3.9612778720911592,0.43974885821390675,4.700240015983581,3.9980166975510656,29.333333333333332,43.0,1737.5,1825.0,49.208333333333336,61.6,248.86001792730997,,False,success,,clean_benchmark,{},1.3
2,hand_pose_3d,MediaPipe BlazePalm + Hand Landmark (21 3D keypoints),mediapipe,hand_landmarker.task,exact,NVIDIA GeForce RTX 3060,12.1,unknown,,,0,True,3204.842499922961,23.28029996715486,1024,8.984320124909573,0.29342301650163605,8.97140009328723,9.31728514842689,9.690444078296421,8.316999999806285,15.040999976918101,8.928388728760183,0.2970451424471767,9.255930948257447,8.984320124909573,4.636363636363637,5.0,1519.909090909091,1521.0,33.346363636363634,33.46,335.9147287481918,,False,success,,clean_benchmark,{},1.3
2,hand_pose_3d,MediaPipe BlazePalm + Hand Landmark (21 3D keypoints),mediapipe,hand_landmarker.task,exact,NVIDIA GeForce RTX 3060,12.1,unknown,,,1,True,3243.5687000397593,23.429299937561154,1024,8.90659258038795,0.32942790049462467,8.883900009095669,9.213114855811,9.524115074891597,8.382099913433194,17.183500109240413,8.857607275247574,0.3273522573099729,9.169593811035156,8.90659258038795,4.636363636363637,5.0,1527.8181818181818,1540.0,33.18454545454545,33.29,334.4825045969,,False,success,,clean_benchmark,{},1.3
2,hand_pose_3d,MediaPipe BlazePalm + Hand Landmark (21 3D keypoints),mediapipe,hand_landmarker.task,exact,NVIDIA GeForce RTX 3060,12.1,unknown,,,2,True,3282.00939996168,22.409499855712056,1024,8.850673825008926,0.20753769951626364,8.836099994368851,9.1487399302423,9.342525945976377,8.208699990063906,11.053900001570582,8.798473278991878,0.22210036224294233,9.10991358757019,8.850673825008926,4.818181818181818,5.0,1521.090909090909,1522.0,33.17545454545455,33.33,333.7602187307319,,False,success,,clean_benchmark,{},1.3
2,hand_pose_3d,MediaPipe BlazePalm + Hand Landmark (21 3D keypoints),mediapipe,hand_landmarker.task,exact,NVIDIA GeForce RTX 3060,12.1,unknown,,,3,True,3234.1327001340687,22.373199928551912,1024,8.915715820876358,0.22162202683606316,8.915050071664155,9.227970067877322,9.41171212354675,8.253399981185794,10.669899871572852,8.857265240512788,0.23365917033388342,9.17591004371643,8.915715820876358,4.7272727272727275,5.0,1519.5454545454545,1522.0,33.21909090909091,33.31,333.97416803553233,,False,success,,clean_benchmark,{},1.3
2,hand_pose_3d,MediaPipe BlazePalm + Hand Landmark (21 3D keypoints),mediapipe,hand_landmarker.task,exact,NVIDIA GeForce RTX 3060,12.1,unknown,,,4,True,3250.6908997893333,22.974599851295352,1024,8.987855952454993,0.1937589637621749,8.997450000606477,9.272819862235337,9.436475115362555,8.361399872228503,10.035699931904674,8.930754186585546,0.20277694891061562,9.21774082183838,8.987855952454993,4.818181818181818,5.0,1519.0,1519.0,33.07272727272727,33.26,332.3878759580129,,False,success,,clean_benchmark,{},1.3
3,speech_command_recognizer,Google / depthwise-separable CNN on STFT spectrogram (18 classes),pytorch,"SpeechCNN (custom depthwise-sep, random init)",near_equivalent,NVIDIA GeForce RTX 3060,12.1,unknown,,,0,True,63.461200101301074,134.85449994914234,1024,0.9201647474128549,0.3372301609844529,0.7660998962819576,1.6260000760667008,1.9997490034438667,0.7243000436574221,5.63289993442595,0.8860049057402648,0.324981647409614,1.5194624066352842,0.9201647474128549,4.0,4.0,1576.5,1578.0,33.135000000000005,33.2,33.586086637690904,,False,success,,clean_benchmark,{},1.3
3,speech_command_recognizer,Google / depthwise-separable CNN on STFT spectrogram (18 classes),pytorch,"SpeechCNN (custom depthwise-sep, random init)",near_equivalent,NVIDIA GeForce RTX 3060,12.1,unknown,,,1,True,62.962899915874004,138.69940000586212,1024,0.8943905309024558,0.29625368035474725,0.7845000363886356,1.4283298514783371,1.7615160252898927,0.7310002110898495,6.761200027540326,0.8610076570184901,0.289067900018942,1.374531191587448,0.8943905309024558,5.0,6.0,1576.0,1576.0,33.09,33.1,33.545331636155026,,False,success,,clean_benchmark,{},1.3
3,speech_command_recognizer,Google / depthwise-separable CNN on STFT spectrogram (18 classes),pytorch,"SpeechCNN (custom depthwise-sep, random init)",near_equivalent,NVIDIA GeForce RTX 3060,12.1,unknown,,,2,True,64.03490016236901,133.65710014477372,1024,0.8988117162971321,0.3220022036586131,0.7697001565247774,1.554854866117239,1.8850639089941972,0.7288001943379641,6.508500082418323,0.8667468425701372,0.3140687549627249,1.5041199982166287,0.8988117162971321,4.0,4.0,1577.0,1578.0,33.055,33.19,33.44953456230811,,False,success,,clean_benchmark,{},1.3
3,speech_command_recognizer,Google / depthwise-separable CNN on STFT spectrogram (18 classes),pytorch,"SpeechCNN (custom depthwise-sep, random init)",near_equivalent,NVIDIA GeForce RTX 3060,12.1,unknown,,,3,True,63.76209994778037,132.13769998401403,1024,0.8885119143542397,0.3008607657544962,0.7611500332131982,1.5054799732752135,1.7986420751549304,0.7217999082058668,5.816499935463071,0.856891687726602,0.293882888749904,1.4421504259109494,0.8885119143542397,7.0,10.0,1576.0,1576.0,33.095,33.12,33.4355276891822,,False,success,,clean_benchmark,{},1.3
3,speech_command_recognizer,Google / depthwise-separable CNN on STFT spectrogram (18 classes),pytorch,"SpeechCNN (custom depthwise-sep, random init)",near_equivalent,NVIDIA GeForce RTX 3060,12.1,unknown,,,4,True,65.11860014870763,133.7933000177145,1024,0.9054992203800794,0.27317665792405105,0.8078000973910093,1.4551299391314374,1.8346850271336734,0.7360000163316727,5.28380018658936,0.8726843426702544,0.2655909908472033,1.4025727689266203,0.9054992203800794,4.0,4.0,1621.0,1710.0,34.12,36.55,68.4400229623972,,False,success,,clean_benchmark,{},1.3
4,coco_ssd,SSD MobileNet V1 / TensorFlow Object Detection API (90 COCO classes),pytorch,ssdlite320_mobilenet_v3_large (torchvision COCO_V1),near_equivalent,NVIDIA GeForce RTX 3060,12.1,unknown,,,0,True,1451.4615999069065,423.94690006040037,1024,47.59645986223404,1.782294939936714,47.287700115703046,49.86402499489486,54.291742886416614,43.40830002911389,66.37080013751984,47.55500002205372,1.7839241970780202,49.82573165893554,47.59645986223404,34.16,36.0,1708.82,1728.0,37.247600000000006,37.63,1845.5221615482624,,False,success,,clean_benchmark,{},1.3
4,coco_ssd,SSD MobileNet V1 / TensorFlow Object Detection API (90 COCO classes),pytorch,ssdlite320_mobilenet_v3_large (torchvision COCO_V1),near_equivalent,NVIDIA GeForce RTX 3060,12.1,unknown,,,1,True,1423.53819985874,2021.9815000891685,1024,47.1690498998214,1.1482145112924338,47.028350061737,48.76352496212348,50.21484496304765,45.06610007956624,58.051500003784895,47.12699804827571,1.1445216729428305,48.72062835693359,47.1690498998214,34.4,36.0,1705.72,1711.0,37.1914,37.57,1837.4932705193348,,False,success,,clean_benchmark,{},1.3
4,coco_ssd,SSD MobileNet V1 / TensorFlow Object Detection API (90 COCO classes),pytorch,ssdlite320_mobilenet_v3_large (torchvision COCO_V1),near_equivalent,NVIDIA GeForce RTX 3060,12.1,unknown,,,2,True,1421.4565001893789,370.1028998475522,1024,47.54643174146622,1.483168115573061,47.377850161865354,48.836080147884786,51.59142295829952,45.55079992860556,65.6528000254184,47.50695000216365,1.4843071046338916,48.804639625549314,47.54643174146622,33.86,36.0,1705.74,1713.0,37.0512,37.38,1831.2197148484202,,False,success,,clean_benchmark,{},1.3
4,coco_ssd,SSD MobileNet V1 / TensorFlow Object Detection API (90 COCO classes),pytorch,ssdlite320_mobilenet_v3_large (torchvision COCO_V1),near_equivalent,NVIDIA GeForce RTX 3060,12.1,unknown,,,3,True,1447.8607000783086,386.354599846527,1024,50.583897656679255,5.869599480359293,47.596349962987006,62.90509005775675,68.50560898659751,42.74419997818768,73.38330009952188,50.54077437147498,5.865967915059815,62.87069931030273,50.583897656679255,32.0,36.0,1708.9245283018868,1722.0,36.9188679245283,37.62,1935.1458580719461,,False,success,,clean_benchmark,{},1.3
4,coco_ssd,SSD MobileNet V1 / TensorFlow Object Detection API (90 COCO classes),pytorch,ssdlite320_mobilenet_v3_large (torchvision COCO_V1),near_equivalent,NVIDIA GeForce RTX 3060,12.1,unknown,,,4,True,1420.7689000759274,373.3809001278132,1024,47.55194013409891,1.6428434289729146,47.311299946159124,49.19743500649929,54.77085210382938,45.287400018423796,69.03500016778708,47.514685209840536,1.6429856952729522,49.16541423797608,47.55194013409891,34.1,36.0,1706.92,1713.0,37.1928,37.55,1839.9428491585552,,False,success,,clean_benchmark,{},1.3
5,mobilebert,"Google MobileBERT-uncased (24 blocks × 128-dim, SQuAD 1.1 fine-tuned)",pytorch,google/mobilebert-uncased (HuggingFace transformers),near_equivalent,NVIDIA GeForce RTX 3060,12.1,unknown,,,0,True,31153.723600087687,109.74249988794327,1024,22.459613375076515,1.178541418286091,22.237049997784197,23.750414990354326,27.900617071427405,20.615899935364723,36.61289997398853,22.418449003249407,1.1768908092264345,23.716299343109128,22.459613375076515,41.916666666666664,46.0,1666.0833333333333,1667.0,55.36291666666667,58.19,1297.3285046934188,,False,success,,clean_benchmark,{},1.3
5,mobilebert,"Google MobileBERT-uncased (24 blocks × 128-dim, SQuAD 1.1 fine-tuned)",pytorch,google/mobilebert-uncased (HuggingFace transformers),near_equivalent,NVIDIA GeForce RTX 3060,12.1,unknown,,,1,True,37390.43510006741,108.14609983935952,1024,22.27815995979654,1.0779796557939476,22.027800092473626,23.77332496689632,26.62862898549065,20.897099981084466,34.55779980868101,22.23860322497785,1.075849552839627,23.7226487159729,22.27815995979654,41.375,46.0,1666.375,1667.0,55.50833333333333,58.51,1295.6086436322705,,False,success,,clean_benchmark,{},1.3
5,mobilebert,"Google MobileBERT-uncased (24 blocks × 128-dim, SQuAD 1.1 fine-tuned)",pytorch,google/mobilebert-uncased (HuggingFace transformers),near_equivalent,NVIDIA GeForce RTX 3060,12.1,unknown,,,2,True,25785.750899929553,110.54289992898703,1024,22.484690329747536,1.044059081344004,22.26359990891069,23.927630006801333,26.18149616289884,21.164300153031945,35.022899974137545,22.44284487515688,1.042578016818563,23.888934326171874,22.484690329747536,40.541666666666664,45.0,1660.0,1664.0,55.678333333333335,58.76,1301.1222963621422,,False,success,,clean_benchmark,{},1.3
5,mobilebert,"Google MobileBERT-uncased (24 blocks × 128-dim, SQuAD 1.1 fine-tuned)",pytorch,google/mobilebert-uncased (HuggingFace transformers),near_equivalent,NVIDIA GeForce RTX 3060,12.1,unknown,,,3,True,8159.988000057638,104.89719989709556,1024,22.484366603293893,1.0987567520152837,22.27065002080053,23.587484995368868,26.859125958289948,21.191000007092953,39.95450004003942,22.443969674408436,1.096432979504816,23.547678756713868,22.484366603293893,40.25,45.0,1659.75,1665.0,55.867916666666666,58.83,1305.1529744773545,,False,success,,clean_benchmark,{},1.3
5,mobilebert,"Google MobileBERT-uncased (24 blocks × 128-dim, SQuAD 1.1 fine-tuned)",pytorch,google/mobilebert-uncased (HuggingFace transformers),near_equivalent,NVIDIA GeForce RTX 3060,12.1,unknown,,,4,True,13015.470799989998,137.2262998484075,1024,22.443206250954972,1.2306070400226898,22.219249978661537,23.814144858624786,27.01721904333681,21.014800062403083,41.60050000064075,22.403454119339585,1.2287131366149717,23.772457885742185,22.443206250954972,41.25,46.0,1659.9166666666667,1660.0,56.26458333333333,59.23,1315.580691698521,,False,success,,clean_benchmark,{},1.3
6,mobilenetv3,"MobileNetV3-Small / ImageNet-1K (1000 classes, 224×224 input)",pytorch,mobilenet_v3_small (torchvision IMAGENET1K_V1),near_equivalent,NVIDIA GeForce RTX 3060,12.1,unknown,,,0,True,1340.0737999472767,189.77489997632802,1024,3.890487594617298,1.0407111196607162,3.563899896107614,5.5695248185656965,5.865341948810965,2.7923998422920704,12.480999808758497,3.8510856938082725,1.0350787602649332,5.526220679283142,3.890487594617298,19.5,30.0,1666.0,1712.0,36.365,38.64,184.16085519872257,,False,success,,clean_benchmark,{},1.3
6,mobilenetv3,"MobileNetV3-Small / ImageNet-1K (1000 classes, 224×224 input)",pytorch,mobilenet_v3_small (torchvision IMAGENET1K_V1),near_equivalent,NVIDIA GeForce RTX 3060,12.1,unknown,,,1,True,1341.8603998143226,187.59500002488494,1024,3.245295607712251,0.3872797724622252,3.069699974730611,3.9579350035637613,4.464470965322107,2.8039999306201935,6.598399952054024,3.2112901913933456,0.38521013506974416,3.9236847162246704,3.245295607712251,20.2,32.0,1655.0,1707.0,36.388,39.22,147.1626413267781,,False,success,,clean_benchmark,{},1.3
6,mobilenetv3,"MobileNetV3-Small / ImageNet-1K (1000 classes, 224×224 input)",pytorch,mobilenet_v3_small (torchvision IMAGENET1K_V1),near_equivalent,NVIDIA GeForce RTX 3060,12.1,unknown,,,2,True,1365.371400024742,186.38599989935756,1024,3.2588212889095303,0.41125847991291975,3.0864999862387776,4.046755097806454,4.544130936264992,2.765399869531393,6.049600197002292,3.2220896545331925,0.4092875376837874,4.017163228988647,3.2588212889095303,19.4,31.0,1655.8,1711.0,36.106,39.2,146.45075780321497,,False,success,,clean_benchmark,{},1.3
6,mobilenetv3,"MobileNetV3-Small / ImageNet-1K (1000 classes, 224×224 input)",pytorch,mobilenet_v3_small (torchvision IMAGENET1K_V1),near_equivalent,NVIDIA GeForce RTX 3060,12.1,unknown,,,3,True,1320.8733000792563,188.86490003205836,1024,3.1687094729022647,0.43220916394014985,2.9624500311911106,3.937484964262694,4.530341064091772,2.7356999926269054,7.18849990516901,3.1357965925708413,0.4305129987782051,3.9085711359977724,3.1687094729022647,15.6,32.0,1656.8,1712.0,36.032,39.21,144.57221923608682,,False,success,,clean_benchmark,{},1.3
6,mobilenetv3,"MobileNetV3-Small / ImageNet-1K (1000 classes, 224×224 input)",pytorch,mobilenet_v3_small (torchvision IMAGENET1K_V1),near_equivalent,NVIDIA GeForce RTX 3060,12.1,unknown,,,4,True,1332.3144000023603,188.35650011897087,1024,3.719852833000914,0.9175762665612832,3.44995001796633,5.378169973846525,5.782148987054824,2.7453999500721693,6.278799846768379,3.6785353443119675,0.9111161200124644,5.3222462177276615,3.719852833000914,19.8,29.0,1655.0,1707.0,36.868,39.69,148.7967651619634,,False,success,,clean_benchmark,{},1.3
7,ar_portrait_depth,Google AR PortraitDepth — custom monocular depth CNN (DepthLab team),pytorch,(no standard equivalent),unresolved,NVIDIA GeForce RTX 3060,12.1,unknown,,,0,True,0.0,0.0,1024,0.0,0.0,0.0,0.0,0.0,0.0,0.0,0.0,0.0,0.0,0.0,,,,,,,,,False,unsupported,Model 'ar_portrait_depth' (id=7) is not yet implemented (Phase 1B stub). Blocker: UNRESOLVED — No exact PyTorch equivalent in standard libraries. MiDaS v3 (exact task) requires 'timm' — dependency fails. Alternative: use custom CNN or fix MiDaS installation.. See docs/model_mapping_audit.md for implementation guidance.,clean_benchmark,{},1.3
7,ar_portrait_depth,Google AR PortraitDepth — custom monocular depth CNN (DepthLab team),pytorch,(no standard equivalent),unresolved,NVIDIA GeForce RTX 3060,12.1,unknown,,,1,True,0.0,0.0,1024,0.0,0.0,0.0,0.0,0.0,0.0,0.0,0.0,0.0,0.0,0.0,,,,,,,,,False,unsupported,Model 'ar_portrait_depth' (id=7) is not yet implemented (Phase 1B stub). Blocker: UNRESOLVED — No exact PyTorch equivalent in standard libraries. MiDaS v3 (exact task) requires 'timm' — dependency fails. Alternative: use custom CNN or fix MiDaS installation.. See docs/model_mapping_audit.md for implementation guidance.,clean_benchmark,{},1.3
7,ar_portrait_depth,Google AR PortraitDepth — custom monocular depth CNN (DepthLab team),pytorch,(no standard equivalent),unresolved,NVIDIA GeForce RTX 3060,12.1,unknown,,,2,True,0.0,0.0,1024,0.0,0.0,0.0,0.0,0.0,0.0,0.0,0.0,0.0,0.0,0.0,,,,,,,,,False,unsupported,Model 'ar_portrait_depth' (id=7) is not yet implemented (Phase 1B stub). Blocker: UNRESOLVED — No exact PyTorch equivalent in standard libraries. MiDaS v3 (exact task) requires 'timm' — dependency fails. Alternative: use custom CNN or fix MiDaS installation.. See docs/model_mapping_audit.md for implementation guidance.,clean_benchmark,{},1.3
7,ar_portrait_depth,Google AR PortraitDepth — custom monocular depth CNN (DepthLab team),pytorch,(no standard equivalent),unresolved,NVIDIA GeForce RTX 3060,12.1,unknown,,,3,True,0.0,0.0,1024,0.0,0.0,0.0,0.0,0.0,0.0,0.0,0.0,0.0,0.0,0.0,,,,,,,,,False,unsupported,Model 'ar_portrait_depth' (id=7) is not yet implemented (Phase 1B stub). Blocker: UNRESOLVED — No exact PyTorch equivalent in standard libraries. MiDaS v3 (exact task) requires 'timm' — dependency fails. Alternative: use custom CNN or fix MiDaS installation.. See docs/model_mapping_audit.md for implementation guidance.,clean_benchmark,{},1.3
7,ar_portrait_depth,Google AR PortraitDepth — custom monocular depth CNN (DepthLab team),pytorch,(no standard equivalent),unresolved,NVIDIA GeForce RTX 3060,12.1,unknown,,,4,True,0.0,0.0,1024,0.0,0.0,0.0,0.0,0.0,0.0,0.0,0.0,0.0,0.0,0.0,,,,,,,,,False,unsupported,Model 'ar_portrait_depth' (id=7) is not yet implemented (Phase 1B stub). Blocker: UNRESOLVED — No exact PyTorch equivalent in standard libraries. MiDaS v3 (exact task) requires 'timm' — dependency fails. Alternative: use custom CNN or fix MiDaS installation.. See docs/model_mapping_audit.md for implementation guidance.,clean_benchmark,{},1.3
8,bodypix,"Google BodyPix — MobileNet v1 backbone, 24-part body segmentation (deprecated 2022; used in benchmarking paper)",pytorch,(no standard equivalent),unresolved,NVIDIA GeForce RTX 3060,12.1,unknown,,,0,True,0.0,0.0,1024,0.0,0.0,0.0,0.0,0.0,0.0,0.0,0.0,0.0,0.0,0.0,,,,,,,,,False,unsupported,Model 'bodypix' (id=8) is not yet implemented (Phase 1B stub). Blocker: UNRESOLVED — No 24-part body segmentation in standard PyTorch libraries. BodyPix is deprecated (2022). MediaPipe Selfie Segmentation is binary foreground/background (different task). Alternative: extract & convert BodyPix from npm ONNX.. See docs/model_mapping_audit.md for implementation guidance.,clean_benchmark,{},1.3
8,bodypix,"Google BodyPix — MobileNet v1 backbone, 24-part body segmentation (deprecated 2022; used in benchmarking paper)",pytorch,(no standard equivalent),unresolved,NVIDIA GeForce RTX 3060,12.1,unknown,,,1,True,0.0,0.0,1024,0.0,0.0,0.0,0.0,0.0,0.0,0.0,0.0,0.0,0.0,0.0,,,,,,,,,False,unsupported,Model 'bodypix' (id=8) is not yet implemented (Phase 1B stub). Blocker: UNRESOLVED — No 24-part body segmentation in standard PyTorch libraries. BodyPix is deprecated (2022). MediaPipe Selfie Segmentation is binary foreground/background (different task). Alternative: extract & convert BodyPix from npm ONNX.. See docs/model_mapping_audit.md for implementation guidance.,clean_benchmark,{},1.3
8,bodypix,"Google BodyPix — MobileNet v1 backbone, 24-part body segmentation (deprecated 2022; used in benchmarking paper)",pytorch,(no standard equivalent),unresolved,NVIDIA GeForce RTX 3060,12.1,unknown,,,2,True,0.0,0.0,1024,0.0,0.0,0.0,0.0,0.0,0.0,0.0,0.0,0.0,0.0,0.0,,,,,,,,,False,unsupported,Model 'bodypix' (id=8) is not yet implemented (Phase 1B stub). Blocker: UNRESOLVED — No 24-part body segmentation in standard PyTorch libraries. BodyPix is deprecated (2022). MediaPipe Selfie Segmentation is binary foreground/background (different task). Alternative: extract & convert BodyPix from npm ONNX.. See docs/model_mapping_audit.md for implementation guidance.,clean_benchmark,{},1.3
8,bodypix,"Google BodyPix — MobileNet v1 backbone, 24-part body segmentation (deprecated 2022; used in benchmarking paper)",pytorch,(no standard equivalent),unresolved,NVIDIA GeForce RTX 3060,12.1,unknown,,,3,True,0.0,0.0,1024,0.0,0.0,0.0,0.0,0.0,0.0,0.0,0.0,0.0,0.0,0.0,,,,,,,,,False,unsupported,Model 'bodypix' (id=8) is not yet implemented (Phase 1B stub). Blocker: UNRESOLVED — No 24-part body segmentation in standard PyTorch libraries. BodyPix is deprecated (2022). MediaPipe Selfie Segmentation is binary foreground/background (different task). Alternative: extract & convert BodyPix from npm ONNX.. See docs/model_mapping_audit.md for implementation guidance.,clean_benchmark,{},1.3
8,bodypix,"Google BodyPix — MobileNet v1 backbone, 24-part body segmentation (deprecated 2022; used in benchmarking paper)",pytorch,(no standard equivalent),unresolved,NVIDIA GeForce RTX 3060,12.1,unknown,,,4,True,0.0,0.0,1024,0.0,0.0,0.0,0.0,0.0,0.0,0.0,0.0,0.0,0.0,0.0,,,,,,,,,False,unsupported,Model 'bodypix' (id=8) is not yet implemented (Phase 1B stub). Blocker: UNRESOLVED — No 24-part body segmentation in standard PyTorch libraries. BodyPix is deprecated (2022). MediaPipe Selfie Segmentation is binary foreground/background (different task). Alternative: extract & convert BodyPix from npm ONNX.. See docs/model_mapping_audit.md for implementation guidance.,clean_benchmark,{},1.3
9,posenet,"Google PoseNet — MobileNet V1, 17 COCO keypoints, 2D heatmap (legacy; TF.js has since migrated to BlazePose / MoveNet)",mediapipe,pose_landmarker_lite.task,near_equivalent,NVIDIA GeForce RTX 3060,12.1,unknown,,,0,True,3279.6015997882932,23.560200119391084,1024,9.124301077235941,0.21716551119554772,9.119200054556131,9.421639912761748,9.639125992543995,8.487700019031763,11.140799848362803,9.065510138869286,0.2284725912107977,9.36826877593994,9.124301077235941,5.0,6.0,1514.0,1514.0,33.42727272727273,33.63,336.4018732011109,,False,success,,clean_benchmark,{},1.3
9,posenet,"Google PoseNet — MobileNet V1, 17 COCO keypoints, 2D heatmap (legacy; TF.js has since migrated to BlazePose / MoveNet)",mediapipe,pose_landmarker_lite.task,near_equivalent,NVIDIA GeForce RTX 3060,12.1,unknown,,,1,True,3286.254499806091,23.845799965783954,1024,9.162242389720632,0.2700626242496826,9.148549870587885,9.505419968627393,9.828332036267966,8.544099982827902,12.030200101435184,9.101846401579678,0.27681613173311187,9.457663536071777,9.162242389720632,4.7272727272727275,5.0,1514.8181818181818,1515.0,33.344545454545454,33.39,335.7550614475505,,False,success,,clean_benchmark,{},1.3
9,posenet,"Google PoseNet — MobileNet V1, 17 COCO keypoints, 2D heatmap (legacy; TF.js has since migrated to BlazePose / MoveNet)",mediapipe,pose_landmarker_lite.task,near_equivalent,NVIDIA GeForce RTX 3060,12.1,unknown,,,2,True,3296.643199864775,23.25080009177327,1024,9.23344218949751,0.3420083263784404,9.196599945425987,9.717400069348514,10.70689900079742,8.552999934181571,11.674400186166167,9.169377002865076,0.34687455097348063,9.658163309097288,9.23344218949751,4.7272727272727275,5.0,1515.5454545454545,1520.0,33.42363636363637,33.62,336.6341701389023,,False,success,,clean_benchmark,{},1.3
9,posenet,"Google PoseNet — MobileNet V1, 17 COCO keypoints, 2D heatmap (legacy; TF.js has since migrated to BlazePose / MoveNet)",mediapipe,pose_landmarker_lite.task,near_equivalent,NVIDIA GeForce RTX 3060,12.1,unknown,,,3,True,3296.3825000915676,23.524300195276737,1024,9.166434473399931,0.24625346613715837,9.151650010608137,9.532219939865172,9.774927068501711,8.54689977131784,12.124699773266912,9.111955401487648,0.2566073186119481,9.481759786605835,9.166434473399931,4.636363636363637,5.0,1516.1818181818182,1520.0,33.35090909090909,33.57,335.27114425460104,,False,success,,clean_benchmark,{},1.3
9,posenet,"Google PoseNet — MobileNet V1, 17 COCO keypoints, 2D heatmap (legacy; TF.js has since migrated to BlazePose / MoveNet)",mediapipe,pose_landmarker_lite.task,near_equivalent,NVIDIA GeForce RTX 3060,12.1,unknown,,,4,True,3293.2593999430537,23.30720005556941,1024,9.118232318542141,0.4752835200470546,9.089999948628247,9.479810006450862,9.76977800251916,8.529700106009841,21.805800031870604,9.06539153587073,0.4766486359003297,9.425919532775879,9.118232318542141,4.7272727272727275,5.0,1514.0,1514.0,33.29363636363637,33.41,334.6351101314416,,False,success,,clean_benchmark,{},1.3
10,deeplabv3,DeepLabV3+ / MobileNetV2 backbone / Pascal VOC 21 classes (dilated convolutions + ASPP),pytorch,deeplabv3_mobilenet_v3_large (torchvision COCO_WITH_VOC_LABELS_V1),near_equivalent,NVIDIA GeForce RTX 3060,12.1,unknown,,,0,True,1417.6236998755485,233.3903000690043,1024,7.3808359366012155,0.4820728536630102,7.429049932397902,7.974760071374474,9.176556935999542,6.652400130406022,12.921399902552366,7.31234475504607,0.48771014828389153,7.918568015098572,7.3808359366012155,75.77777777777777,97.0,1732.2222222222222,1774.0,93.45555555555556,116.73,772.6839727587719,,False,success,,clean_benchmark,{},1.3
10,deeplabv3,DeepLabV3+ / MobileNetV2 backbone / Pascal VOC 21 classes (dilated convolutions + ASPP),pytorch,deeplabv3_mobilenet_v3_large (torchvision COCO_WITH_VOC_LABELS_V1),near_equivalent,NVIDIA GeForce RTX 3060,12.1,unknown,,,1,True,1397.6750001311302,231.8330998532474,1024,7.34423915696425,0.44265752012108,7.417800021357834,7.79242996359244,8.333387025631962,6.634899880737066,13.133599888533354,7.278296377509832,0.45092009396865235,7.7433777332305915,7.34423915696425,75.66666666666667,97.0,1732.111111111111,1773.0,94.55888888888889,117.76,782.3394497680305,,False,success,,clean_benchmark,{},1.3
10,deeplabv3,DeepLabV3+ / MobileNetV2 backbone / Pascal VOC 21 classes (dilated convolutions + ASPP),pytorch,deeplabv3_mobilenet_v3_large (torchvision COCO_WITH_VOC_LABELS_V1),near_equivalent,NVIDIA GeForce RTX 3060,12.1,unknown,,,2,True,1402.8181000612676,231.3639000058174,1024,7.363634858620571,0.44490045769711967,7.426200085319579,7.8906650305725625,8.68953495286405,6.6500999964773655,13.002999825403094,7.2980256313458085,0.44491168162748385,7.841484904289246,7.363634858620571,76.11111111111111,97.0,1731.2222222222222,1769.0,94.79555555555555,118.14,784.4821877988999,,False,success,,clean_benchmark,{},1.3
10,deeplabv3,DeepLabV3+ / MobileNetV2 backbone / Pascal VOC 21 classes (dilated convolutions + ASPP),pytorch,deeplabv3_mobilenet_v3_large (torchvision COCO_WITH_VOC_LABELS_V1),near_equivalent,NVIDIA GeForce RTX 3060,12.1,unknown,,,3,True,1439.7088000550866,234.3778999056667,1024,7.3147231482835195,0.41048934744334975,7.370200008153915,7.742620049975812,8.322130038868636,6.685899803414941,12.874499894678593,7.246674715075642,0.4117026965588952,7.692411255836485,7.3147231482835195,76.22222222222223,98.0,1731.2222222222222,1769.0,93.96333333333332,118.42,776.1134395291808,,False,success,,clean_benchmark,{},1.3
10,deeplabv3,DeepLabV3+ / MobileNetV2 backbone / Pascal VOC 21 classes (dilated convolutions + ASPP),pytorch,deeplabv3_mobilenet_v3_large (torchvision COCO_WITH_VOC_LABELS_V1),near_equivalent,NVIDIA GeForce RTX 3060,12.1,unknown,,,4,True,1421.590499812737,235.82320008426905,1024,7.361117285427099,0.435744360066652,7.401250069960952,7.9208801267668605,8.59316393500194,6.675599841400981,13.16710002720356,7.294814570341259,0.44027119763149525,7.845939302444457,7.361117285427099,75.55555555555556,97.0,1731.2222222222222,1769.0,93.30555555555556,117.49,776.1922899814823,,False,success,,clean_benchmark,{},1.3
1,selfie_segmentation,Google ML Kit / custom MobileNetV3 segmentation backbone,pytorch,lraspp_mobilenet_v3_large (torchvision COCO_WITH_VOC_LABELS_V1),near_equivalent,NVIDIA GeForce RTX 3060,12.1,unknown,,,0,True,1312.7089999616146,190.44900010339916,1024,3.8401194351536105,0.6415880869228765,3.6018999526277184,5.051624868065115,6.2168970378115755,3.3978999126702547,11.346099898219109,3.8109304662793875,0.6311567214968182,5.012590456008909,3.8401194351536105,23.0,40.0,1734.0,1838.0,44.30800000000001,59.53,177.4796595223574,,False,success,,clean_benchmark,{},1.3
1,selfie_segmentation,Google ML Kit / custom MobileNetV3 segmentation backbone,pytorch,lraspp_mobilenet_v3_large (torchvision COCO_WITH_VOC_LABELS_V1),near_equivalent,NVIDIA GeForce RTX 3060,12.1,unknown,,,1,True,1289.3356999848038,190.51759992726147,1024,3.8950924781602225,0.7150296842148497,3.5976498620584607,5.712959996890275,6.207291027531028,3.366899909451604,11.380600044503808,3.866319157416001,0.7103379063503447,5.685248136520384,3.8950924781602225,28.0,40.0,1751.3333333333333,1838.0,47.10166666666667,58.7,241.4563657654473,,False,success,,clean_benchmark,{},1.3
1,selfie_segmentation,Google ML Kit / custom MobileNetV3 segmentation backbone,pytorch,lraspp_mobilenet_v3_large (torchvision COCO_WITH_VOC_LABELS_V1),near_equivalent,NVIDIA GeForce RTX 3060,12.1,unknown,,,2,True,1297.9647999163717,191.63049990311265,1024,4.0039793934738555,0.9245231913755765,3.607999999076128,5.897374905180185,6.206880907993764,3.3451998606324196,18.50410015322268,3.974853160325438,0.920366089385916,5.854062485694885,4.0039793934738555,27.166666666666668,42.0,1751.3333333333333,1838.0,49.04333333333333,61.3,249.99261514810962,,False,success,,clean_benchmark,{},1.3
1,selfie_segmentation,Google ML Kit / custom MobileNetV3 segmentation backbone,pytorch,lraspp_mobilenet_v3_large (torchvision COCO_WITH_VOC_LABELS_V1),near_equivalent,NVIDIA GeForce RTX 3060,12.1,unknown,,,3,True,1290.3630000073463,190.2704001404345,1024,3.770663086015702,0.5791800991149326,3.5984000423923135,5.175289860926568,6.097233861219138,3.3521000295877457,10.341699933633208,3.742311655310914,0.5745811397694017,5.147209501266478,3.770663086015702,23.4,41.0,1734.0,1838.0,44.182,62.84,174.19276069229934,,False,success,,clean_benchmark,{},1.3
1,selfie_segmentation,Google ML Kit / custom MobileNetV3 segmentation backbone,pytorch,lraspp_mobilenet_v3_large (torchvision COCO_WITH_VOC_LABELS_V1),near_equivalent,NVIDIA GeForce RTX 3060,12.1,unknown,,,4,True,1306.5888998098671,191.35839981026947,1024,3.825717186600741,0.9287992376009172,3.5985499853268266,5.251284991391001,6.116437034215778,3.3598998561501503,27.08349982276559,3.797049372224137,0.9244750251826451,5.215897774696348,3.825717186600741,24.6,40.0,1734.0,1838.0,45.25,62.66,179.8928069035278,,False,success,,clean_benchmark,{},1.3
2,hand_pose_3d,MediaPipe BlazePalm + Hand Landmark (21 3D keypoints),mediapipe,hand_landmarker.task,exact,NVIDIA GeForce RTX 3060,12.1,unknown,,,0,True,3037.6031000632793,21.94519992917776,1024,8.69005761705921,0.21245557499129938,8.659900049678981,9.052774915471673,9.491777061484752,8.27330001629889,10.082599939778447,8.624951339326799,0.20881017753014722,8.974998188018798,8.69005761705921,0.0,0.0,1536.0,1536.0,32.797000000000004,33.08,296.20713129919136,,False,success,,clean_benchmark,{},1.3
2,hand_pose_3d,MediaPipe BlazePalm + Hand Landmark (21 3D keypoints),mediapipe,hand_landmarker.task,exact,NVIDIA GeForce RTX 3060,12.1,unknown,,,1,True,3005.0359000451863,21.69779990799725,1024,8.505096286626213,0.19721417973958724,8.473900030367076,8.83172987960279,9.2218950483948,8.141800062730908,10.598500026389956,8.455272930674255,0.19369129858184142,8.769990730285645,8.505096286626213,0.0,0.0,1536.0,1536.0,32.827,32.91,298.5218100522703,,False,success,,clean_benchmark,{},1.3
2,hand_pose_3d,MediaPipe BlazePalm + Hand Landmark (21 3D keypoints),mediapipe,hand_landmarker.task,exact,NVIDIA GeForce RTX 3060,12.1,unknown,,,2,True,2991.49619997479,25.24350001476705,1024,8.52341552854341,0.28196929943344873,8.470999891869724,8.944374904967844,9.330190022010356,8.096599951386452,12.567899888381362,8.465116345323622,0.28114955314017664,8.873984336853027,8.52341552854341,0.0,0.0,1536.0,1536.0,32.840999999999994,33.0,298.8722176248266,,False,success,,clean_benchmark,{},1.3
2,hand_pose_3d,MediaPipe BlazePalm + Hand Landmark (21 3D keypoints),mediapipe,hand_landmarker.task,exact,NVIDIA GeForce RTX 3060,12.1,unknown,,,3,True,3019.2299999762326,22.16920000500977,1024,8.631574906075912,0.46820468864299924,8.566300035454333,9.058710059616715,9.826274975202976,8.149500004947186,18.397199921309948,8.565596825443208,0.46798592851654913,9.003273677825927,8.631574906075912,0.0,0.0,1536.0,1536.0,32.72,32.81,296.14909635363614,,False,success,,clean_benchmark,{},1.3
2,hand_pose_3d,MediaPipe BlazePalm + Hand Landmark (21 3D keypoints),mediapipe,hand_landmarker.task,exact,NVIDIA GeForce RTX 3060,12.1,unknown,,,4,True,3096.2653001770377,23.815999971702695,1024,8.507285742325621,0.2865477617725388,8.47704999614507,8.863434987142682,9.1666169767268,8.099599974229932,15.063000144436955,8.440708592534065,0.28476692253679,8.79921269416809,8.507285742325621,0.4,4.0,1536.0,1536.0,32.664,32.83,296.7140169173409,,False,success,,clean_benchmark,{},1.3
3,speech_command_recognizer,Google / depthwise-separable CNN on STFT spectrogram (18 classes),pytorch,"SpeechCNN (custom depthwise-sep, random init)",near_equivalent,NVIDIA GeForce RTX 3060,12.1,unknown,,,0,True,65.1657001581043,126.19249988347292,1024,0.8433359378159366,0.2686238477794582,0.7492500590160489,1.3345851330086589,1.459095024038106,0.7180999964475632,6.3229999504983425,0.8158441256964579,0.2633077986936951,1.295387226343155,0.8433359378159366,0.0,0.0,1592.0,1592.0,32.945,33.04,32.99654574829387,,False,success,,clean_benchmark,{},1.3
3,speech_command_recognizer,Google / depthwise-separable CNN on STFT spectrogram (18 classes),pytorch,"SpeechCNN (custom depthwise-sep, random init)",near_equivalent,NVIDIA GeForce RTX 3060,12.1,unknown,,,1,True,67.86659988574684,127.38859979435802,1024,0.9552590825023799,0.325779344040001,0.7613000925630331,1.3855850556865335,1.6085760155692688,0.719000119715929,6.25229999423027,0.9249485305626877,0.31820476408061543,1.3506560325622559,0.9552590825023799,2.3333333333333335,7.0,1636.0,1724.0,34.196666666666665,36.73,68.556399905195,,False,success,,clean_benchmark,{},1.3
3,speech_command_recognizer,Google / depthwise-separable CNN on STFT spectrogram (18 classes),pytorch,"SpeechCNN (custom depthwise-sep, random init)",near_equivalent,NVIDIA GeForce RTX 3060,12.1,unknown,,,2,True,62.83770012669265,126.33419991470873,1024,0.8800879884347523,0.30030156920827483,0.7672000210732222,1.3762849033810198,1.5749689657241106,0.7346998900175095,7.297599921002984,0.8523431877256371,0.29247593345230505,1.3373056411743163,0.8800879884347523,0.0,0.0,1597.0,1602.0,32.715,32.82,32.75559276879416,,False,success,,clean_benchmark,{},1.3
3,speech_command_recognizer,Google / depthwise-separable CNN on STFT spectrogram (18 classes),pytorch,"SpeechCNN (custom depthwise-sep, random init)",near_equivalent,NVIDIA GeForce RTX 3060,12.1,unknown,,,3,True,71.8535000924021,126.85559992678463,1024,0.9346484341676842,1.10165355519094,0.7551498711109161,1.373970066197216,1.5350398677401242,0.7203000131994486,34.91830010898411,0.9062986248754896,1.099427557244344,1.3324464142322536,0.9346484341676842,9.333333333333334,28.0,1636.0,1724.0,34.553333333333335,37.89,69.17800999594039,,False,success,,clean_benchmark,{},1.3
3,speech_command_recognizer,Google / depthwise-separable CNN on STFT spectrogram (18 classes),pytorch,"SpeechCNN (custom depthwise-sep, random init)",near_equivalent,NVIDIA GeForce RTX 3060,12.1,unknown,,,4,True,70.22820017300546,125.87360013276339,1024,0.9027968767441052,0.29345202281109983,0.7519999053329229,1.3646600302308796,1.4853948657400904,0.717999879270792,5.958799971267581,0.8743115312536247,0.286953101462511,1.3291455626487725,0.9027968767441052,0.0,0.0,1592.0,1592.0,32.915000000000006,32.95,33.41802019443364,,False,success,,clean_benchmark,{},1.3
4,coco_ssd,SSD MobileNet V1 / TensorFlow Object Detection API (90 COCO classes),pytorch,ssdlite320_mobilenet_v3_large (torchvision COCO_V1),near_equivalent,NVIDIA GeForce RTX 3060,12.1,unknown,,,0,True,1348.240700084716,482.4745000805706,1024,46.86114804644603,3.049745484521897,46.63550003897399,52.22854013554752,55.53193982690572,40.82809993997216,59.96309989131987,46.828496381640434,3.048395575106064,52.19780120849609,46.86114804644603,28.6734693877551,33.0,1718.8367346938776,1728.0,36.92714285714286,37.36,1793.086489098177,,False,success,,clean_benchmark,{},1.3
4,coco_ssd,SSD MobileNet V1 / TensorFlow Object Detection API (90 COCO classes),pytorch,ssdlite320_mobilenet_v3_large (torchvision COCO_V1),near_equivalent,NVIDIA GeForce RTX 3060,12.1,unknown,,,1,True,1355.3259000182152,377.3275001440197,1024,45.19712568162504,3.008436855975322,44.677850091829896,49.65098001994192,56.46306702168657,40.737600065767765,68.46440001390874,45.16525062546134,3.0070165689486936,49.608499908447264,45.19712568162504,28.851063829787233,32.0,1717.3829787234042,1723.0,37.03446808510638,37.54,1723.592963925396,,False,success,,clean_benchmark,{},1.3
4,coco_ssd,SSD MobileNet V1 / TensorFlow Object Detection API (90 COCO classes),pytorch,ssdlite320_mobilenet_v3_large (torchvision COCO_V1),near_equivalent,NVIDIA GeForce RTX 3060,12.1,unknown,,,2,True,1355.3198999725282,396.8279999680817,1024,44.103308011926856,2.7038280292071573,43.371799984015524,49.584200058598064,54.15014289319515,41.179899824783206,77.5452998932451,44.07277201488614,2.702287142924474,49.55549221038818,44.103308011926856,29.32608695652174,32.0,1717.2608695652175,1723.0,37.14369565217391,37.56,1689.5094763140592,,False,success,,clean_benchmark,{},1.3
4,coco_ssd,SSD MobileNet V1 / TensorFlow Object Detection API (90 COCO classes),pytorch,ssdlite320_mobilenet_v3_large (torchvision COCO_V1),near_equivalent,NVIDIA GeForce RTX 3060,12.1,unknown,,,3,True,1350.2644000109285,371.80990003980696,1024,45.29348643222875,3.2110888942856706,44.71300006844103,50.7062550401315,57.49870197614655,40.86240008473396,65.57530001737177,45.26187366619706,3.2099792851620297,50.677111816406246,45.29348643222875,29.06382978723404,33.0,1717.3829787234042,1723.0,37.03361702127659,37.5,1722.851069260956,,False,success,,clean_benchmark,{},1.3
4,coco_ssd,SSD MobileNet V1 / TensorFlow Object Detection API (90 COCO classes),pytorch,ssdlite320_mobilenet_v3_large (torchvision COCO_V1),near_equivalent,NVIDIA GeForce RTX 3060,12.1,unknown,,,4,True,1345.412899972871,368.98810020647943,1024,42.67928916874553,1.8254296339145168,42.21795010380447,45.03093513194471,50.31441906699911,40.86970002390444,64.4315998069942,42.64930911362171,1.823039535813508,44.998450851440424,42.67928916874553,30.488888888888887,33.0,1717.1333333333334,1723.0,37.26511111111111,37.62,1652.0981944784965,,False,success,,clean_benchmark,{},1.3
5,mobilebert,"Google MobileBERT-uncased (24 blocks × 128-dim, SQuAD 1.1 fine-tuned)",pytorch,google/mobilebert-uncased (HuggingFace transformers),near_equivalent,NVIDIA GeForce RTX 3060,12.1,unknown,,,0,True,30770.74189996347,98.97120017558336,1024,20.296633884527182,1.327770883422998,20.059450063854456,21.53953998349607,24.813050085213032,19.025000045076013,50.93399994075298,20.26659325323999,1.3259713332488692,21.50558729171753,20.296633884527182,36.68181818181818,43.0,1680.6363636363637,1681.0,55.74227272727273,59.33,1192.5854551252,,False,success,,clean_benchmark,{},1.3
5,mobilebert,"Google MobileBERT-uncased (24 blocks × 128-dim, SQuAD 1.1 fine-tuned)",pytorch,google/mobilebert-uncased (HuggingFace transformers),near_equivalent,NVIDIA GeForce RTX 3060,12.1,unknown,,,2,True,4505.259499885142,109.74320000968874,1024,21.839426658743832,2.677581707641584,20.999849890358746,26.779400068335235,32.59676916059106,18.828399945050478,47.03609994612634,21.808082515373826,2.674540067299514,26.74901924133301,21.839426658743832,35.875,43.0,1680.6666666666667,1681.0,55.01833333333334,58.68,1290.166733024429,,False,success,,clean_benchmark,{},1.3
5,mobilebert,"Google MobileBERT-uncased (24 blocks × 128-dim, SQuAD 1.1 fine-tuned)",pytorch,google/mobilebert-uncased (HuggingFace transformers),near_equivalent,NVIDIA GeForce RTX 3060,12.1,unknown,,,3,True,8600.814699893817,101.66499996557832,1024,20.595163767666236,0.877597262153534,20.520550082437694,21.93029004847631,22.72896607639268,18.736000172793865,31.89569991081953,20.56567962281406,0.8768351087791926,21.897098541259766,20.595163767666236,37.09090909090909,43.0,1680.6363636363637,1681.0,55.74045454545455,59.55,1189.8922138286277,,False,success,,clean_benchmark,{},1.3
5,mobilebert,"Google MobileBERT-uncased (24 blocks × 128-dim, SQuAD 1.1 fine-tuned)",pytorch,google/mobilebert-uncased (HuggingFace transformers),near_equivalent,NVIDIA GeForce RTX 3060,12.1,unknown,,,4,True,4497.975500067696,111.71710002236068,1024,22.73049911718772,2.653409730473799,22.152000106871128,27.623610000591714,30.70476705674082,19.06080008484423,43.799599865451455,22.69894644804299,2.6512350086084036,27.593965911865226,22.73049911718772,35.72,43.0,1677.0,1677.0,51.0896,58.97,1249.6691697371668,,False,success,,clean_benchmark,{},1.3
6,mobilenetv3,"MobileNetV3-Small / ImageNet-1K (1000 classes, 224×224 input)",pytorch,mobilenet_v3_small (torchvision IMAGENET1K_V1),near_equivalent,NVIDIA GeForce RTX 3060,12.1,unknown,,,0,True,1268.1150001008064,182.2760000359267,1024,3.2166363291707967,0.6551016130892477,2.8797000413760543,4.698049835860727,5.177432922646402,2.7030999772250652,7.362800184637308,3.1864166939631104,0.6517141616881825,4.659993743896483,3.2166363291707967,15.4,27.0,1671.0,1723.0,36.088,38.95,145.89833726104814,,False,success,,clean_benchmark,{},1.3
6,mobilenetv3,"MobileNetV3-Small / ImageNet-1K (1000 classes, 224×224 input)",pytorch,mobilenet_v3_small (torchvision IMAGENET1K_V1),near_equivalent,NVIDIA GeForce RTX 3060,12.1,unknown,,,1,True,1261.9819999672472,182.29279993101954,1024,3.189521776903348,0.6904688708619889,2.880399930290878,4.60784004535526,5.1089069922454655,2.701600082218647,12.219199910759926,3.160210687899962,0.6872097454477658,4.5777056932449325,3.189521776903348,11.2,26.0,1671.0,1723.0,35.596,38.83,143.7625125896791,,False,success,,clean_benchmark,{},1.3
6,mobilenetv3,"MobileNetV3-Small / ImageNet-1K (1000 classes, 224×224 input)",pytorch,mobilenet_v3_small (torchvision IMAGENET1K_V1),near_equivalent,NVIDIA GeForce RTX 3060,12.1,unknown,,,2,True,1278.6415999289602,179.90950006060302,1024,3.1356099577806162,0.5671047809685622,2.8488500975072384,4.3796900543384245,4.948648079298437,2.710100030526519,6.382199935615063,3.106764409225434,0.5645528313613892,4.342132663726806,3.1356099577806162,15.6,27.0,1671.0,1723.0,36.422,39.63,146.7814584961743,,False,success,,clean_benchmark,{},1.3
6,mobilenetv3,"MobileNetV3-Small / ImageNet-1K (1000 classes, 224×224 input)",pytorch,mobilenet_v3_small (torchvision IMAGENET1K_V1),near_equivalent,NVIDIA GeForce RTX 3060,12.1,unknown,,,3,True,1271.6726998332888,177.8299999423325,1024,3.0883157187417964,0.6063586915567445,2.8311499627307057,4.246699973009527,5.155872027389705,2.695299917832017,10.87080012075603,3.0596902512479573,0.6035652115147376,4.212284636497498,3.0883157187417964,15.8,26.0,1671.0,1723.0,36.574,39.73,148.09097017048742,,False,success,,clean_benchmark,{},1.3
6,mobilenetv3,"MobileNetV3-Small / ImageNet-1K (1000 classes, 224×224 input)",pytorch,mobilenet_v3_small (torchvision IMAGENET1K_V1),near_equivalent,NVIDIA GeForce RTX 3060,12.1,unknown,,,4,True,1251.5501000452787,178.22079989127815,1024,3.0610540029556432,0.5139360073131343,2.8325499733909965,4.077694984152913,5.017042018007487,2.7118001598864794,8.940099971368909,3.0324676611926407,0.5104881645984228,4.049753451347351,3.0610540029556432,15.8,27.0,1671.0,1723.0,36.396,39.89,146.8199870206579,,False,success,,clean_benchmark,{},1.3
9,posenet,"Google PoseNet — MobileNet V1, 17 COCO keypoints, 2D heatmap (legacy; TF.js has since migrated to BlazePose / MoveNet)",mediapipe,pose_landmarker_lite.task,near_equivalent,NVIDIA GeForce RTX 3060,12.1,unknown,,,0,True,3196.449200157076,22.47450011782348,1024,8.599642385661355,0.9912191015906018,8.536150096915662,8.9258499792777,9.39366199541837,8.165899896994233,39.56429986283183,8.556158396415412,0.9907457246324569,8.87418441772461,8.599642385661355,0.0,0.0,1531.0,1531.0,33.108,33.23,301.49323887775415,,False,success,,clean_benchmark,{},1.3
9,posenet,"Google PoseNet — MobileNet V1, 17 COCO keypoints, 2D heatmap (legacy; TF.js has since migrated to BlazePose / MoveNet)",mediapipe,pose_landmarker_lite.task,near_equivalent,NVIDIA GeForce RTX 3060,12.1,unknown,,,1,True,3045.7967000547796,22.057400085031986,1024,8.52175703175817,0.2105276481266531,8.48660001065582,8.858800050802529,9.391072993166745,8.078400045633316,10.260999901220202,8.470108940266073,0.20513075029201244,8.798606634140015,8.52175703175817,0.0,0.0,1531.0,1531.0,33.023,33.28,300.90303984410014,,False,success,,clean_benchmark,{},1.3
9,posenet,"Google PoseNet — MobileNet V1, 17 COCO keypoints, 2D heatmap (legacy; TF.js has since migrated to BlazePose / MoveNet)",mediapipe,pose_landmarker_lite.task,near_equivalent,NVIDIA GeForce RTX 3060,12.1,unknown,,,2,True,3061.4990999456495,22.410099860280752,1024,8.523924220298795,0.3087977118086177,8.479699958115816,8.821870002429932,9.314188936259598,8.15899996086955,16.23079995624721,8.473956001922488,0.30650277504731965,8.771750688552856,8.523924220298795,0.0,0.0,1531.0,1531.0,33.143,33.39,301.3349466056586,,False,success,,clean_benchmark,{},1.3
9,posenet,"Google PoseNet — MobileNet V1, 17 COCO keypoints, 2D heatmap (legacy; TF.js has since migrated to BlazePose / MoveNet)",mediapipe,pose_landmarker_lite.task,near_equivalent,NVIDIA GeForce RTX 3060,12.1,unknown,,,3,True,3056.944699957967,21.95729990489781,1024,8.48736132547856,0.17131558589241289,8.457550080493093,8.783590025268495,9.093191910069436,8.12240014784038,9.861400118097663,8.437118402682245,0.16692991346617655,8.725350284576416,8.48736132547856,0.0,0.0,1531.0,1531.0,32.868,33.29,297.91420190338044,,False,success,,clean_benchmark,{},1.3
9,posenet,"Google PoseNet — MobileNet V1, 17 COCO keypoints, 2D heatmap (legacy; TF.js has since migrated to BlazePose / MoveNet)",mediapipe,pose_landmarker_lite.task,near_equivalent,NVIDIA GeForce RTX 3060,12.1,unknown,,,4,True,3057.630799943581,22.637799847871065,1024,8.624521677120356,0.7943938078700953,8.544749929569662,8.994639955926687,9.496256015263498,8.134400006383657,32.850699964910746,8.572768213227391,0.7936320320961814,8.94178557395935,8.624521677120356,0.0,0.0,1531.0,1531.0,32.837,33.08,298.52763466218136,,False,success,,clean_benchmark,{},1.3
10,deeplabv3,DeepLabV3+ / MobileNetV2 backbone / Pascal VOC 21 classes (dilated convolutions + ASPP),pytorch,deeplabv3_mobilenet_v3_large (torchvision COCO_WITH_VOC_LABELS_V1),near_equivalent,NVIDIA GeForce RTX 3060,12.1,unknown,,,0,True,1352.3721999954432,221.70719993300736,1024,7.226181837268086,0.891098595979444,6.871699937619269,8.64439494907856,9.77681303629651,6.565700052306056,22.685199975967407,7.1657374375499785,0.7442616440420331,8.576626014709472,7.226181837268086,65.55555555555556,96.0,1747.2222222222222,1785.0,92.23111111111112,119.34,760.8249640067073,,False,success,,clean_benchmark,{},1.3
10,deeplabv3,DeepLabV3+ / MobileNetV2 backbone / Pascal VOC 21 classes (dilated convolutions + ASPP),pytorch,deeplabv3_mobilenet_v3_large (torchvision COCO_WITH_VOC_LABELS_V1),near_equivalent,NVIDIA GeForce RTX 3060,12.1,unknown,,,1,True,1334.0917001478374,224.15270004421473,1024,7.211221877014395,0.7188800085329687,6.861850037239492,8.696375112049282,9.03434009756893,6.59040012396872,12.615700019523501,7.166231586132199,0.7166769481989888,8.645324659347533,7.211221877014395,72.44444444444444,95.0,1747.2222222222222,1785.0,95.58777777777777,119.2,794.051221794323,,False,success,,clean_benchmark,{},1.3
10,deeplabv3,DeepLabV3+ / MobileNetV2 backbone / Pascal VOC 21 classes (dilated convolutions + ASPP),pytorch,deeplabv3_mobilenet_v3_large (torchvision COCO_WITH_VOC_LABELS_V1),near_equivalent,NVIDIA GeForce RTX 3060,12.1,unknown,,,2,True,1338.2288001012057,219.3919001147151,1024,6.76610361369967,0.26028903324931396,6.691899965517223,7.191335025709122,7.413533015642314,6.5969000570476055,12.535699876025319,6.726120003499091,0.2581478779482344,7.145883107185364,6.76610361369967,72.75,97.0,1742.5,1785.0,95.765,123.04,693.8982820054238,,False,success,,clean_benchmark,{},1.3
10,deeplabv3,DeepLabV3+ / MobileNetV2 backbone / Pascal VOC 21 classes (dilated convolutions + ASPP),pytorch,deeplabv3_mobilenet_v3_large (torchvision COCO_WITH_VOC_LABELS_V1),near_equivalent,NVIDIA GeForce RTX 3060,12.1,unknown,,,3,True,1357.1796000469476,217.53249992616475,1024,6.8071159228111355,0.587502527800024,6.704299943521619,7.141544949263334,7.572642026934773,6.583699956536293,21.64350007660687,6.760253036860377,0.5561506994674658,7.09464464187622,6.8071159228111355,62.875,98.0,1742.5,1785.0,93.29875,123.75,672.0857551404927,,False,success,,clean_benchmark,{},1.3
10,deeplabv3,DeepLabV3+ / MobileNetV2 backbone / Pascal VOC 21 classes (dilated convolutions + ASPP),pytorch,deeplabv3_mobilenet_v3_large (torchvision COCO_WITH_VOC_LABELS_V1),near_equivalent,NVIDIA GeForce RTX 3060,12.1,unknown,,,4,True,1403.4784999676049,223.16620009951293,1024,7.450401659525596,0.8404508946476458,7.062499993480742,8.805125125218183,9.02889497578144,6.59470004029572,12.326000025495887,7.405079022515565,0.8365625946518277,8.749718523025512,7.450401659525596,69.33333333333333,94.0,1747.2222222222222,1785.0,93.21222222222222,118.76,771.5902674843768,,False,success,,clean_benchmark,{},1.3
1,selfie_segmentation,Google ML Kit / custom MobileNetV3 segmentation backbone,pytorch,lraspp_mobilenet_v3_large (torchvision COCO_WITH_VOC_LABELS_V1),near_equivalent,NVIDIA GeForce RTX 3060,12.1,unknown,,,0,True,1314.3204001244158,220.05090001039207,1024,4.002860936907382,0.7605414454184318,3.654850064776838,6.055115023627876,6.2506929552182555,3.426899900659919,10.699799982830882,3.973482809495181,0.75594463818588,6.015383934974669,4.002860936907382,25.166666666666668,39.0,1726.3333333333333,1813.0,43.73833333333334,54.21,220.44983028385437,,False,success,,clean_benchmark,{},1.3
1,selfie_segmentation,Google ML Kit / custom MobileNetV3 segmentation backbone,pytorch,lraspp_mobilenet_v3_large (torchvision COCO_WITH_VOC_LABELS_V1),near_equivalent,NVIDIA GeForce RTX 3060,12.1,unknown,,,1,True,1296.4212999213487,187.32690019533038,1024,4.143878805507484,0.9866322548620725,3.67535010445863,6.245575041975824,6.986639997921884,3.3644000068306923,10.708000045269728,4.113258150871843,0.9803592027486823,6.20094220638275,4.143878805507484,23.833333333333332,38.0,1750.5,1836.0,45.105,53.95,230.60966898172282,,False,success,,clean_benchmark,{},1.3
1,selfie_segmentation,Google ML Kit / custom MobileNetV3 segmentation backbone,pytorch,lraspp_mobilenet_v3_large (torchvision COCO_WITH_VOC_LABELS_V1),near_equivalent,NVIDIA GeForce RTX 3060,12.1,unknown,,,2,True,1310.96879998222,189.75869985297322,1024,4.16018652481398,0.8540447599963347,3.7277499213814735,6.010189931839702,6.246134857647121,3.400299930945039,10.596900014206767,4.129291872493923,0.8493012561519724,5.974487829208371,4.16018652481398,23.666666666666668,40.0,1736.3333333333333,1823.0,41.975,52.17,212.8046956308908,,False,success,,clean_benchmark,{},1.3
1,selfie_segmentation,Google ML Kit / custom MobileNetV3 segmentation backbone,pytorch,lraspp_mobilenet_v3_large (torchvision COCO_WITH_VOC_LABELS_V1),near_equivalent,NVIDIA GeForce RTX 3060,12.1,unknown,,,3,True,1295.6737000495195,187.10170011036098,1024,3.7935653308522888,0.4085858776588905,3.614450106397271,4.513255006168038,4.62979803327471,3.4050000831484795,10.862800059840083,3.76574224838987,0.4063191900363302,4.48733286857605,3.7935653308522888,25.2,47.0,1728.0,1832.0,45.998000000000005,61.9,186.29676874289405,,False,success,,clean_benchmark,{},1.3
1,selfie_segmentation,Google ML Kit / custom MobileNetV3 segmentation backbone,pytorch,lraspp_mobilenet_v3_large (torchvision COCO_WITH_VOC_LABELS_V1),near_equivalent,NVIDIA GeForce RTX 3060,12.1,unknown,,,4,True,1325.253700139001,192.46249995194376,1024,3.783420020226913,0.4101581466397728,3.595149959437549,4.492090013809502,4.634637900162488,3.3790001180022955,10.077600134536624,3.755995153216645,0.40793917372594635,4.462084650993347,3.783420020226913,23.4,40.0,1719.0,1823.0,45.826,61.97,184.11417853533055,,False,success,,clean_benchmark,{},1.3
2,hand_pose_3d,MediaPipe BlazePalm + Hand Landmark (21 3D keypoints),mediapipe,hand_landmarker.task,exact,NVIDIA GeForce RTX 3060,12.1,unknown,,,0,True,3031.5438001416624,21.829399978742003,1024,8.55370791077803,0.1687065594910375,8.534600026905537,8.840815129224211,9.087365928571671,8.199300151318312,9.732999838888645,8.499777181074023,0.1669776104199199,8.78610577583313,8.55370791077803,0.1,1.0,1530.0,1530.0,31.974,32.15,289.24823410884943,,False,success,,clean_benchmark,{},1.3
2,hand_pose_3d,MediaPipe BlazePalm + Hand Landmark (21 3D keypoints),mediapipe,hand_landmarker.task,exact,NVIDIA GeForce RTX 3060,12.1,unknown,,,1,True,3014.444600092247,21.996299969032407,1024,8.464073240247671,0.47557264201661975,8.418549899943173,8.764769916888326,9.4199000694789,8.075900143012404,21.294299978762865,8.405788712203503,0.47442576362779426,8.712272119522094,8.464073240247671,0.0,0.0,1530.0,1530.0,31.927,32.07,289.42964947817734,,False,success,,clean_benchmark,{},1.3
2,hand_pose_3d,MediaPipe BlazePalm + Hand Landmark (21 3D keypoints),mediapipe,hand_landmarker.task,exact,NVIDIA GeForce RTX 3060,12.1,unknown,,,2,True,3002.505199983716,22.71889988332987,1024,8.413622068928817,0.18150963807972909,8.399049984291196,8.662024850491434,9.24949805252254,8.051400072872639,9.481500135734677,8.350581204518676,0.17728725325341171,8.593113660812378,8.413622068928817,0.0,0.0,1530.0,1530.0,31.877,32.12,289.7369889972615,,False,success,,clean_benchmark,{},1.3
2,hand_pose_3d,MediaPipe BlazePalm + Hand Landmark (21 3D keypoints),mediapipe,hand_landmarker.task,exact,NVIDIA GeForce RTX 3060,12.1,unknown,,,3,True,3008.887500036508,21.977700060233474,1024,8.43392226852302,0.27367613922965217,8.403500076383352,8.710559969767928,8.99117102846503,8.069500094279647,13.872599927708507,8.37138893455267,0.2715246788106698,8.63699812889099,8.43392226852302,0.0,0.0,1530.0,1530.0,31.866000000000003,32.03,288.63615454742103,,False,success,,clean_benchmark,{},1.3
2,hand_pose_3d,MediaPipe BlazePalm + Hand Landmark (21 3D keypoints),mediapipe,hand_landmarker.task,exact,NVIDIA GeForce RTX 3060,12.1,unknown,,,4,True,2998.810200020671,21.783499978482723,1024,8.458953421268234,0.2224768205682817,8.426899905316532,8.780869957990944,9.39386798767373,8.045800030231476,10.758199961856008,8.402924191206694,0.21965783321902732,8.717167949676513,8.458953421268234,0.0,0.0,1521.0,1521.0,31.937,32.11,289.3962455989653,,False,success,,clean_benchmark,{},1.3
3,speech_command_recognizer,Google / depthwise-separable CNN on STFT spectrogram (18 classes),pytorch,"SpeechCNN (custom depthwise-sep, random init)",near_equivalent,NVIDIA GeForce RTX 3060,12.1,unknown,,,0,True,71.9816000200808,126.21550005860627,1024,0.8398278348522581,0.23050906906740526,0.7581999525427818,1.3411650666967034,1.4590800506994126,0.7349001243710518,5.344199948012829,0.8135095622274093,0.22483009510018492,1.3033984303474424,0.8398278348522581,0.0,0.0,1586.0,1586.0,32.17,32.29,32.36717958064517,,False,success,,clean_benchmark,{},1.3
3,speech_command_recognizer,Google / depthwise-separable CNN on STFT spectrogram (18 classes),pytorch,"SpeechCNN (custom depthwise-sep, random init)",near_equivalent,NVIDIA GeForce RTX 3060,12.1,unknown,,,1,True,62.32970021665096,125.72220014408231,1024,0.8249471625276783,0.45556589461445296,0.7582000689581037,1.1402799515053628,1.4521469082683325,0.7291000802069902,13.648699969053268,0.7990024069440551,0.45203645349195576,1.1100063860416411,0.8249471625276783,0.0,0.0,1586.0,1586.0,32.254999999999995,32.44,32.68006929189781,,False,success,,clean_benchmark,{},1.3
3,speech_command_recognizer,Google / depthwise-separable CNN on STFT spectrogram (18 classes),pytorch,"SpeechCNN (custom depthwise-sep, random init)",near_equivalent,NVIDIA GeForce RTX 3060,12.1,unknown,,,2,True,67.26019992493093,127.39560008049011,1024,0.8297236313410394,0.2264643810972809,0.7627999875694513,1.1754849692806602,1.4757629088126123,0.7368000224232674,5.948799895122647,0.8035687819938175,0.2199830532155129,1.1496736407279966,0.8297236313410394,0.5,1.0,1586.0,1586.0,31.83,31.91,31.908893838445653,,False,success,,clean_benchmark,{},1.3
3,speech_command_recognizer,Google / depthwise-separable CNN on STFT spectrogram (18 classes),pytorch,"SpeechCNN (custom depthwise-sep, random init)",near_equivalent,NVIDIA GeForce RTX 3060,12.1,unknown,,,3,True,62.85059987567365,123.87269991450012,1024,0.7965529287048412,0.20695125470628142,0.7523999083787203,1.059044932480901,1.3701610988937318,0.7285000756382942,6.2200999818742275,0.7710008753347211,0.20029089427003607,1.0310095906257628,0.7965529287048412,2.0,4.0,1586.0,1586.0,32.035,32.18,32.059727814592186,,False,success,,clean_benchmark,{},1.3
3,speech_command_recognizer,Google / depthwise-separable CNN on STFT spectrogram (18 classes),pytorch,"SpeechCNN (custom depthwise-sep, random init)",near_equivalent,NVIDIA GeForce RTX 3060,12.1,unknown,,,4,True,61.77290016785264,125.17389981076121,1024,0.7980795019193465,0.19353586803489903,0.7558499928563833,1.0592350503429768,1.3043259736150503,0.7243999280035496,5.887399893254042,0.7721173739992082,0.1872732094619111,1.032108771800995,0.7980795019193465,2.0,4.0,1586.5,1587.0,32.144999999999996,32.16,32.55154103032895,,False,success,,clean_benchmark,{},1.3
4,coco_ssd,SSD MobileNet V1 / TensorFlow Object Detection API (90 COCO classes),pytorch,ssdlite320_mobilenet_v3_large (torchvision COCO_V1),near_equivalent,NVIDIA GeForce RTX 3060,12.1,unknown,,,0,True,1367.2127001918852,366.6252999100834,1024,42.62481533442042,1.223190005644968,42.47285006567836,43.955460004508495,44.776831900235265,40.93699995428324,67.7898998837918,42.59434575587511,1.2213127511093063,43.9079231262207,42.62481533442042,31.755555555555556,34.0,1717.1333333333334,1723.0,36.266666666666666,36.67,1607.028208938562,,False,success,,clean_benchmark,{},1.3
4,coco_ssd,SSD MobileNet V1 / TensorFlow Object Detection API (90 COCO classes),pytorch,ssdlite320_mobilenet_v3_large (torchvision COCO_V1),near_equivalent,NVIDIA GeForce RTX 3060,12.1,unknown,,,1,True,1350.8063999470323,362.6985000446439,1024,43.13588252125555,2.4010368163276503,42.50304994639009,46.65600007865578,52.99336697440594,41.27609985880554,68.97259992547333,43.10625918209553,2.3984419281164557,46.62576465606689,43.13588252125555,30.2,33.0,1697.1333333333334,1703.0,36.184444444444445,36.67,1610.423755851742,,False,success,,clean_benchmark,{},1.3
4,coco_ssd,SSD MobileNet V1 / TensorFlow Object Detection API (90 COCO classes),pytorch,ssdlite320_mobilenet_v3_large (torchvision COCO_V1),near_equivalent,NVIDIA GeForce RTX 3060,12.1,unknown,,,2,True,1342.806100146845,350.6014000158757,1024,42.42919823650482,1.2937897835282641,42.306600022129714,43.35715500637889,44.54300387529656,41.26240010373294,69.93620004504919,42.40033055469394,1.293077277870594,43.32815036773682,42.42919823650482,30.866666666666667,33.0,1704.7777777777778,1711.0,36.29377777777778,36.74,1614.0384293977488,,False,success,,clean_benchmark,{},1.3
4,coco_ssd,SSD MobileNet V1 / TensorFlow Object Detection API (90 COCO classes),pytorch,ssdlite320_mobilenet_v3_large (torchvision COCO_V1),near_equivalent,NVIDIA GeForce RTX 3060,12.1,unknown,,,3,True,1350.7837001234293,351.48599999956787,1024,45.928772754223246,3.8490657437084748,44.483650010079145,53.679605026263744,58.120662001892924,41.051500011235476,70.61739987693727,45.89820872992277,3.8468364126718066,53.63948459625244,45.928772754223246,29.5625,34.0,1703.8333333333333,1711.0,36.145,36.67,1716.0063967792585,,False,success,,clean_benchmark,{},1.3
4,coco_ssd,SSD MobileNet V1 / TensorFlow Object Detection API (90 COCO classes),pytorch,ssdlite320_mobilenet_v3_large (torchvision COCO_V1),near_equivalent,NVIDIA GeForce RTX 3060,12.1,unknown,,,4,True,1358.1900999415666,377.3033001925796,1024,48.0182339813382,4.068808264300351,47.50059999059886,55.12599010253324,64.49714295566082,41.304599959403276,70.58540009893477,47.98625433817506,4.066428601754886,55.091463470458976,48.0182339813382,27.02,32.0,1703.32,1711.0,35.952400000000004,36.36,1782.2111867167087,,False,success,,clean_benchmark,{},1.3
5,mobilebert,"Google MobileBERT-uncased (24 blocks × 128-dim, SQuAD 1.1 fine-tuned)",pytorch,google/mobilebert-uncased (HuggingFace transformers),near_equivalent,NVIDIA GeForce RTX 3060,12.1,unknown,,,0,True,5559.382000006735,110.13370007276535,1024,22.53511084427373,2.730975516344478,21.380099817179143,27.86733997054398,30.7571960077621,19.25490004941821,35.57730000466108,22.504299696534872,2.729046947434492,27.839573764801024,22.53511084427373,36.541666666666664,45.0,1659.0,1665.0,50.055416666666666,58.77,1171.1493455277348,,False,success,,clean_benchmark,{},1.3
5,mobilebert,"Google MobileBERT-uncased (24 blocks × 128-dim, SQuAD 1.1 fine-tuned)",pytorch,google/mobilebert-uncased (HuggingFace transformers),near_equivalent,NVIDIA GeForce RTX 3060,12.1,unknown,,,1,True,4423.910100013018,106.45449999719858,1024,22.239165232576852,2.9244563869774116,21.35085000190884,28.290949971415102,32.43582397000863,19.107399974018335,48.77560003660619,22.20833756402135,2.9216436765397695,28.262792778015132,22.239165232576852,35.583333333333336,42.0,1656.6666666666667,1657.0,52.17083333333333,58.8,1222.055928317736,,False,success,,clean_benchmark,{},1.3
5,mobilebert,"Google MobileBERT-uncased (24 blocks × 128-dim, SQuAD 1.1 fine-tuned)",pytorch,google/mobilebert-uncased (HuggingFace transformers),near_equivalent,NVIDIA GeForce RTX 3060,12.1,unknown,,,2,True,4430.574500001967,102.62789996340871,1024,20.522416795529352,0.7350098916555803,20.398000022396445,21.81256510084495,22.63461399357766,19.412199966609478,26.65890008211136,20.493912363424897,0.7333488307764371,21.782774448394775,20.522416795529352,37.22727272727273,43.0,1662.090909090909,1665.0,55.89636363636364,59.61,1193.7306939430537,,False,success,,clean_benchmark,{},1.3
5,mobilebert,"Google MobileBERT-uncased (24 blocks × 128-dim, SQuAD 1.1 fine-tuned)",pytorch,google/mobilebert-uncased (HuggingFace transformers),near_equivalent,NVIDIA GeForce RTX 3060,12.1,unknown,,,3,True,8654.424000065774,108.15660003572702,1024,21.549165626993272,2.2440809713081147,20.844000042416155,25.190995016600933,31.166677954606705,19.567799987271428,42.9170997813344,21.51948581635952,2.2413674778009494,25.16348323822021,21.549165626993272,36.56521739130435,44.0,1656.6521739130435,1657.0,55.0604347826087,59.35,1232.819935827543,,False,success,,clean_benchmark,{},1.3
5,mobilebert,"Google MobileBERT-uncased (24 blocks × 128-dim, SQuAD 1.1 fine-tuned)",pytorch,google/mobilebert-uncased (HuggingFace transformers),near_equivalent,NVIDIA GeForce RTX 3060,12.1,unknown,,,4,True,5475.254399934784,103.18300011567771,1024,20.982511910460744,2.0244405934179657,20.646049873903394,22.21307998988777,26.2728509493172,19.302800064906478,53.2515998929739,20.95349550060928,2.020981263689622,22.185123348236083,20.982511910460744,35.91304347826087,42.0,1664.6521739130435,1665.0,55.55608695652174,59.79,1240.8806165916412,,False,success,,clean_benchmark,{},1.3
6,mobilenetv3,"MobileNetV3-Small / ImageNet-1K (1000 classes, 224×224 input)",pytorch,mobilenet_v3_small (torchvision IMAGENET1K_V1),near_equivalent,NVIDIA GeForce RTX 3060,12.1,unknown,,,0,True,1267.2274999786168,181.8768000230193,1024,3.1324689414304885,0.6197802751234178,2.8810000512748957,4.913659847807139,5.052609029226005,2.7224000077694654,6.235099863260984,3.103693278040737,0.6157106748102616,4.873932719230652,3.1324689414304885,16.2,29.0,1651.0,1703.0,35.9,39.41,144.81699519250776,,False,success,,clean_benchmark,{},1.3
6,mobilenetv3,"MobileNetV3-Small / ImageNet-1K (1000 classes, 224×224 input)",pytorch,mobilenet_v3_small (torchvision IMAGENET1K_V1),near_equivalent,NVIDIA GeForce RTX 3060,12.1,unknown,,,1,True,1254.399900091812,180.8492001146078,1024,3.154433691406666,0.5861055824327056,2.9135500080883503,4.940420133061707,5.059340107254684,2.763299969956279,6.047199945896864,3.1255975656677037,0.5818367946331954,4.905008006095886,3.154433691406666,15.0,27.0,1651.0,1703.0,35.866,39.2,145.4218297926383,,False,success,,clean_benchmark,{},1.3
6,mobilenetv3,"MobileNetV3-Small / ImageNet-1K (1000 classes, 224×224 input)",pytorch,mobilenet_v3_small (torchvision IMAGENET1K_V1),near_equivalent,NVIDIA GeForce RTX 3060,12.1,unknown,,,2,True,1250.1097000204027,178.35290008224547,1024,3.0006744157162757,0.2512630507903856,2.920550061389804,3.4399749361909913,3.890583992470056,2.7447999455034733,6.628899835050106,2.973000403493643,0.2495431298281723,3.413243234157561,3.0006744157162757,17.2,27.0,1651.0,1703.0,36.178,39.21,145.71397424519876,,False,success,,clean_benchmark,{},1.3
6,mobilenetv3,"MobileNetV3-Small / ImageNet-1K (1000 classes, 224×224 input)",pytorch,mobilenet_v3_small (torchvision IMAGENET1K_V1),near_equivalent,NVIDIA GeForce RTX 3060,12.1,unknown,,,3,True,1252.1108998917043,180.85850006900728,1024,2.959991896432257,0.19546622905449734,2.9154500225558877,3.222114872187376,3.4714111499488354,2.7660999912768602,6.837100023403764,2.9324830619152635,0.19354475867355633,3.195289611816406,2.959991896432257,16.4,27.0,1659.0,1711.0,35.998000000000005,39.16,145.5420836526132,,False,success,,clean_benchmark,{},1.3
6,mobilenetv3,"MobileNetV3-Small / ImageNet-1K (1000 classes, 224×224 input)",pytorch,mobilenet_v3_small (torchvision IMAGENET1K_V1),near_equivalent,NVIDIA GeForce RTX 3060,12.1,unknown,,,4,True,1257.9004999715835,173.42509981244802,1024,2.913308009510729,0.34156940986805717,2.8875998686999083,3.0378950643353164,3.152520996518433,2.7785999700427055,13.618099968880415,2.87899931659922,0.11384125054039888,3.0106112480163576,2.913308009510729,16.4,28.0,1651.0,1703.0,35.715999999999994,39.15,143.80672929255059,,False,success,,clean_benchmark,{},1.3
9,posenet,"Google PoseNet — MobileNet V1, 17 COCO keypoints, 2D heatmap (legacy; TF.js has since migrated to BlazePose / MoveNet)",mediapipe,pose_landmarker_lite.task,near_equivalent,NVIDIA GeForce RTX 3060,12.1,unknown,,,0,True,3058.9874000288546,22.179400082677603,1024,8.556783492622344,0.1987752843904569,8.525350014679134,8.903860044665635,9.248858047649264,8.171499939635396,10.790999978780746,8.505212364718318,0.1961446279409287,8.850226879119873,8.556783492622344,0.0,0.0,1511.0,1511.0,32.543,32.65,294.16835388824813,,False,success,,clean_benchmark,{},1.3
9,posenet,"Google PoseNet — MobileNet V1, 17 COCO keypoints, 2D heatmap (legacy; TF.js has since migrated to BlazePose / MoveNet)",mediapipe,pose_landmarker_lite.task,near_equivalent,NVIDIA GeForce RTX 3060,12.1,unknown,,,1,True,3054.9570000730455,22.55279989913106,1024,8.511579394507862,0.3410299443818195,8.47630004864186,8.76460011349991,9.165834961459039,8.120199898257852,17.21780002117157,8.460318336263299,0.34016490514512726,8.70529613494873,8.511579394507862,0.0,0.0,1511.0,1511.0,32.388,32.5,293.6288907123159,,False,success,,clean_benchmark,{},1.3
9,posenet,"Google PoseNet — MobileNet V1, 17 COCO keypoints, 2D heatmap (legacy; TF.js has since migrated to BlazePose / MoveNet)",mediapipe,pose_landmarker_lite.task,near_equivalent,NVIDIA GeForce RTX 3060,12.1,unknown,,,2,True,3047.4320999346673,22.412100108340383,1024,8.496833400840842,0.1854410761401027,8.47094994969666,8.816140075214207,9.156089986208826,8.104200009256601,10.1560999173671,8.444958656094968,0.1801520016621172,8.755500650405883,8.496833400840842,0.0,0.0,1518.2,1519.0,32.29,32.51,292.94757105728615,,False,success,,clean_benchmark,{},1.3
9,posenet,"Google PoseNet — MobileNet V1, 17 COCO keypoints, 2D heatmap (legacy; TF.js has since migrated to BlazePose / MoveNet)",mediapipe,pose_landmarker_lite.task,near_equivalent,NVIDIA GeForce RTX 3060,12.1,unknown,,,3,True,3072.5324999075383,22.141899913549423,1024,8.5101782244692,0.18389704362342385,8.484049933031201,8.828709973022342,9.188831029459834,8.126199943944812,9.95319988578558,8.461084871552885,0.18010247079896893,8.771086740493775,8.5101782244692,0.0,0.0,1511.0,1511.0,32.225,32.38,293.4091356796748,,False,success,,clean_benchmark,{},1.3
9,posenet,"Google PoseNet — MobileNet V1, 17 COCO keypoints, 2D heatmap (legacy; TF.js has since migrated to BlazePose / MoveNet)",mediapipe,pose_landmarker_lite.task,near_equivalent,NVIDIA GeForce RTX 3060,12.1,unknown,,,4,True,3065.1781000196934,22.063400130718946,1024,8.662063283964017,0.40029052251913266,8.607700001448393,9.049089904874563,9.60058910073712,8.198699913918972,14.29750001989305,8.608857106417418,0.3963398435292323,8.986441373825073,8.662063283964017,0.0,0.0,1511.0,1511.0,32.07,32.25,290.83705797125356,,False,success,,clean_benchmark,{},1.3
10,deeplabv3,DeepLabV3+ / MobileNetV2 backbone / Pascal VOC 21 classes (dilated convolutions + ASPP),pytorch,deeplabv3_mobilenet_v3_large (torchvision COCO_WITH_VOC_LABELS_V1),near_equivalent,NVIDIA GeForce RTX 3060,12.1,unknown,,,0,True,1346.531999995932,219.93170003406703,1024,6.731700489808645,0.41831359894977105,6.670900038443506,6.992135022301227,7.234858078882098,6.564700044691563,17.487900098785758,6.682287245057523,0.2440572544209663,6.949915027618407,6.731700489808645,61.75,98.0,1722.5,1765.0,91.75375,122.78,663.0750602409767,,False,success,,clean_benchmark,{},1.3
10,deeplabv3,DeepLabV3+ / MobileNetV2 backbone / Pascal VOC 21 classes (dilated convolutions + ASPP),pytorch,deeplabv3_mobilenet_v3_large (torchvision COCO_WITH_VOC_LABELS_V1),near_equivalent,NVIDIA GeForce RTX 3060,12.1,unknown,,,1,True,1345.3979000914842,219.2583999130875,1024,6.709279881306429,0.20514772679583684,6.66815007571131,6.957900128327308,7.151206880807877,6.585400085896254,12.278300011530519,6.671228092163801,0.20151721703299894,6.912608170509337,6.709279881306429,73.25,98.0,1722.5,1765.0,95.46375,123.7,692.0021037501481,,False,success,,clean_benchmark,{},1.3
10,deeplabv3,DeepLabV3+ / MobileNetV2 backbone / Pascal VOC 21 classes (dilated convolutions + ASPP),pytorch,deeplabv3_mobilenet_v3_large (torchvision COCO_WITH_VOC_LABELS_V1),near_equivalent,NVIDIA GeForce RTX 3060,12.1,unknown,,,2,True,1342.313300119713,221.27029998227954,1024,7.1584637737487355,0.6503066009863331,6.843600072897971,8.540344971697778,8.77467101905495,6.581100169569254,12.508200015872717,7.116164755541831,0.6480047384952715,8.503081893920898,7.1584637737487355,70.88888888888889,97.0,1727.2222222222222,1765.0,94.12111111111112,119.95,773.7427799508139,,False,success,,clean_benchmark,{},1.3
10,deeplabv3,DeepLabV3+ / MobileNetV2 backbone / Pascal VOC 21 classes (dilated convolutions + ASPP),pytorch,deeplabv3_mobilenet_v3_large (torchvision COCO_WITH_VOC_LABELS_V1),near_equivalent,NVIDIA GeForce RTX 3060,12.1,unknown,,,3,True,1559.3130001798272,223.17739995196462,1024,7.206552438901781,0.6618015470514816,6.898200022988021,8.609324914868921,8.93183002481237,6.597299827262759,12.628800002858043,7.162914690095931,0.658125877623754,8.553125047683716,7.206552438901781,71.33333333333333,94.0,1727.2222222222222,1765.0,95.46555555555557,119.9,788.6981522349058,,False,success,,clean_benchmark,{},1.3
10,deeplabv3,DeepLabV3+ / MobileNetV2 backbone / Pascal VOC 21 classes (dilated convolutions + ASPP),pytorch,deeplabv3_mobilenet_v3_large (torchvision COCO_WITH_VOC_LABELS_V1),near_equivalent,NVIDIA GeForce RTX 3060,12.1,unknown,,,4,True,1366.0237998701632,222.28910005651414,1024,7.1948446282021905,0.6984277047884401,6.8431999534368515,8.704659843351692,9.144441040698439,6.603500107303262,12.967800023034215,7.151890567038208,0.6943377299409575,8.645035123825073,7.1948446282021905,63.0,95.0,1727.2222222222222,1765.0,94.65666666666667,120.34,784.5902955977001,,False,success,,clean_benchmark,{},1.3
1,selfie_segmentation,Google ML Kit / custom MobileNetV3 segmentation backbone,pytorch,lraspp_mobilenet_v3_large (torchvision COCO_WITH_VOC_LABELS_V1),near_equivalent,NVIDIA GeForce RTX 3060,12.1,unknown,,,0,True,14084.1955000069,199.50470002368093,1024,3.91900116915167,0.7003358064744488,3.6177500151097775,5.563970108050852,6.22473613359034,3.382700029760599,10.679000057280064,3.889959279447794,0.6962800899998118,5.535040020942685,3.91900116915167,20.833333333333332,39.0,1751.3333333333333,1838.0,44.43,57.97,226.33352005144346,,False,success,,clean_benchmark,{},1.3
1,selfie_segmentation,Google ML Kit / custom MobileNetV3 segmentation backbone,pytorch,lraspp_mobilenet_v3_large (torchvision COCO_WITH_VOC_LABELS_V1),near_equivalent,NVIDIA GeForce RTX 3060,12.1,unknown,,,1,True,1307.2597000282258,200.3289998974651,1024,3.9756300800490862,0.7410953704270968,3.658499917946756,5.566949932835995,6.520101937931031,3.414900042116642,10.797000024467707,3.9460427751764655,0.7361917397330692,5.5294574975967405,3.9756300800490862,24.5,37.0,1749.3333333333333,1836.0,45.67166666666666,56.67,234.5329206871486,,False,success,,clean_benchmark,{},1.3
1,selfie_segmentation,Google ML Kit / custom MobileNetV3 segmentation backbone,pytorch,lraspp_mobilenet_v3_large (torchvision COCO_WITH_VOC_LABELS_V1),near_equivalent,NVIDIA GeForce RTX 3060,12.1,unknown,,,2,True,1325.2956999931484,191.20080000720918,1024,3.8837481401969853,0.6447870470292005,3.663299954496324,5.760489928070451,6.136670901905745,3.3861000556498766,10.580100119113922,3.854521370725706,0.6400475678567671,5.71443195343017,3.8837481401969853,25.2,44.0,1732.0,1836.0,42.788,59.49,169.8611157307576,,False,success,,clean_benchmark,{},1.3
1,selfie_segmentation,Google ML Kit / custom MobileNetV3 segmentation backbone,pytorch,lraspp_mobilenet_v3_large (torchvision COCO_WITH_VOC_LABELS_V1),near_equivalent,NVIDIA GeForce RTX 3060,12.1,unknown,,,3,True,1304.7452999744564,194.12979995831847,1024,4.293433107250166,1.018738677274436,3.704849863424897,6.137434870470314,6.325369058176874,3.378999885171652,11.282999999821186,4.262188782682642,1.0134635603557676,6.095559930801391,4.293433107250166,26.0,43.0,1749.3333333333333,1836.0,40.36,51.0,202.93552283102997,,False,success,,clean_benchmark,{},1.3
1,selfie_segmentation,Google ML Kit / custom MobileNetV3 segmentation backbone,pytorch,lraspp_mobilenet_v3_large (torchvision COCO_WITH_VOC_LABELS_V1),near_equivalent,NVIDIA GeForce RTX 3060,12.1,unknown,,,4,True,1295.9994999691844,207.7424000017345,1024,3.841207908180877,0.6599251283898646,3.60705005005002,5.849959910847242,6.2010420695878565,3.3780999947339296,10.520600015297532,3.8121128394268453,0.655459255441811,5.8200575828552195,3.841207908180877,24.6,43.0,1732.0,1836.0,43.972,61.61,174.24666612953297,,False,success,,clean_benchmark,{},1.3
2,hand_pose_3d,MediaPipe BlazePalm + Hand Landmark (21 3D keypoints),mediapipe,hand_landmarker.task,exact,NVIDIA GeForce RTX 3060,12.1,unknown,,,0,True,3233.2287998870015,21.575500024482608,1024,8.4022159169308,0.16051045274121706,8.381949970498681,8.69922999991104,8.966626850888133,8.066499838605523,9.347000159323215,8.34727496933192,0.1595116657403391,8.644300413131713,8.4022159169308,0.0,0.0,1534.0,1534.0,32.277,32.5,292.9020621118939,,False,success,,clean_benchmark,{},1.3
2,hand_pose_3d,MediaPipe BlazePalm + Hand Landmark (21 3D keypoints),mediapipe,hand_landmarker.task,exact,NVIDIA GeForce RTX 3060,12.1,unknown,,,1,True,2998.729299986735,21.96820010431111,1024,8.403339750202576,0.16768654461831503,8.387900074012578,8.655524998903275,8.89857194153592,8.041500113904476,10.093700140714645,8.344627489335835,0.1658274364927497,8.591350507736205,8.403339750202576,0.0,0.0,1534.0,1534.0,32.375,32.53,293.4054002924182,,False,success,,clean_benchmark,{},1.3
2,hand_pose_3d,MediaPipe BlazePalm + Hand Landmark (21 3D keypoints),mediapipe,hand_landmarker.task,exact,NVIDIA GeForce RTX 3060,12.1,unknown,,,2,True,3020.6866001244634,22.577099967747927,1024,8.428176953430011,0.17043712959958965,8.410399896092713,8.69839999359101,9.056951019447297,8.04949994198978,9.810699848458171,8.362274250946939,0.16758056185780773,8.64407057762146,8.428176953430011,0.0,0.0,1534.0,1534.0,32.456,32.61,294.42539793093806,,False,success,,clean_benchmark,{},1.3
2,hand_pose_3d,MediaPipe BlazePalm + Hand Landmark (21 3D keypoints),mediapipe,hand_landmarker.task,exact,NVIDIA GeForce RTX 3060,12.1,unknown,,,3,True,3020.2687000855803,22.236400051042438,1024,8.415769827024633,0.1890099211880615,8.390150032937527,8.701640099752694,9.184501906856894,8.054099977016449,9.971299907192588,8.350873623043299,0.18081591668531458,8.638093090057373,8.415769827024633,0.0,0.0,1534.0,1534.0,32.263,32.58,292.0470538238402,,False,success,,clean_benchmark,{},1.3
2,hand_pose_3d,MediaPipe BlazePalm + Hand Landmark (21 3D keypoints),mediapipe,hand_landmarker.task,exact,NVIDIA GeForce RTX 3060,12.1,unknown,,,4,True,3041.197899961844,21.949399961158633,1024,8.440986621735647,0.21317850127909382,8.406249922700226,8.850864926353095,9.160053953528404,8.031800156459212,10.00369992107153,8.374742968007922,0.2101100463265158,8.77895665168762,8.440986621735647,0.6,6.0,1534.0,1534.0,31.990999999999996,32.2,290.19517903880217,,False,success,,clean_benchmark,{},1.3
3,speech_command_recognizer,Google / depthwise-separable CNN on STFT spectrogram (18 classes),pytorch,"SpeechCNN (custom depthwise-sep, random init)",near_equivalent,NVIDIA GeForce RTX 3060,12.1,unknown,,,0,True,61.948300106450915,127.20849993638694,1024,0.8889853538676107,0.3088685259015273,0.7609999738633633,1.3844099477864802,1.5194650716148315,0.7199000101536512,7.384900003671646,0.8602014692150988,0.28862399236566966,1.3471967458724974,0.8889853538676107,0.0,0.0,1590.0,1590.0,32.260000000000005,32.31,32.753516704565854,,False,success,,clean_benchmark,{},1.3
3,speech_command_recognizer,Google / depthwise-separable CNN on STFT spectrogram (18 classes),pytorch,"SpeechCNN (custom depthwise-sep, random init)",near_equivalent,NVIDIA GeForce RTX 3060,12.1,unknown,,,1,True,60.473900055512786,126.11429998651147,1024,0.8792926757905661,0.27777770737226354,0.7602000841870904,1.3747350894846018,1.4730370137840505,0.7247000467032194,6.144999992102385,0.8513558759586886,0.27068795631183873,1.3359760463237762,0.8792926757905661,2.5,5.0,1590.0,1590.0,32.21,32.25,32.27453917721752,,False,success,,clean_benchmark,{},1.3
3,speech_command_recognizer,Google / depthwise-separable CNN on STFT spectrogram (18 classes),pytorch,"SpeechCNN (custom depthwise-sep, random init)",near_equivalent,NVIDIA GeForce RTX 3060,12.1,unknown,,,2,True,66.5626002009958,125.24419999681413,1024,0.8958328114658798,0.2988398548932105,0.7525000255554914,1.3754999148659404,1.4842969831079242,0.7136999629437923,6.349099799990654,0.8672533746575937,0.291068141148673,1.3329008400440217,0.8958328114658798,0.5,1.0,1590.0,1590.0,32.125,32.24,32.42540729866596,,False,success,,clean_benchmark,{},1.3
3,speech_command_recognizer,Google / depthwise-separable CNN on STFT spectrogram (18 classes),pytorch,"SpeechCNN (custom depthwise-sep, random init)",near_equivalent,NVIDIA GeForce RTX 3060,12.1,unknown,,,3,True,61.42150005325675,125.38659991696477,1024,0.8674635719216894,0.28765778946299775,0.7482500514015555,1.3517399318516252,1.6200429596938188,0.7163002155721188,6.392299896106124,0.8395066264201887,0.2800849916743637,1.3096959590911865,0.8674635719216894,0.0,0.0,1591.0,1592.0,32.165,32.26,32.55861919285613,,False,success,,clean_benchmark,{},1.3
3,speech_command_recognizer,Google / depthwise-separable CNN on STFT spectrogram (18 classes),pytorch,"SpeechCNN (custom depthwise-sep, random init)",near_equivalent,NVIDIA GeForce RTX 3060,12.1,unknown,,,4,True,62.76490003801882,120.64380012452602,1024,0.8075229509358905,0.21544462974340023,0.7572999456897378,1.1690600542351601,1.4190400950610638,0.7255000527948141,6.128099979832768,0.7814818123588338,0.20936578779140352,1.1390336215496062,0.8075229509358905,0.0,0.0,1590.0,1590.0,32.32,32.38,32.413084829673174,,False,success,,clean_benchmark,{},1.3
4,coco_ssd,SSD MobileNet V1 / TensorFlow Object Detection API (90 COCO classes),pytorch,ssdlite320_mobilenet_v3_large (torchvision COCO_V1),near_equivalent,NVIDIA GeForce RTX 3060,12.1,unknown,,,0,True,1357.0803999900818,361.0421000048518,1024,45.047652441326136,3.4424145601349743,43.82139991503209,52.031119947787374,55.483358041383326,40.625200141221285,67.3233000561595,45.016271468251944,3.440412448642129,51.997284698486325,45.047652441326136,28.595744680851062,33.0,1722.595744680851,1730.0,36.52978723404256,37.01,1699.2723369157793,,False,success,,clean_benchmark,{},1.3
4,coco_ssd,SSD MobileNet V1 / TensorFlow Object Detection API (90 COCO classes),pytorch,ssdlite320_mobilenet_v3_large (torchvision COCO_V1),near_equivalent,NVIDIA GeForce RTX 3060,12.1,unknown,,,1,True,1345.5952999647707,364.1645999159664,1024,46.61617773126636,3.748548818867569,46.02719994727522,53.36726509267464,56.695904890075326,40.858899941667914,62.862500082701445,46.58412754163146,3.7470197249956256,53.33735694885254,46.61617773126636,28.142857142857142,32.0,1724.6122448979593,1730.0,36.52265306122449,36.92,1772.164747406544,,False,success,,clean_benchmark,{},1.3
4,coco_ssd,SSD MobileNet V1 / TensorFlow Object Detection API (90 COCO classes),pytorch,ssdlite320_mobilenet_v3_large (torchvision COCO_V1),near_equivalent,NVIDIA GeForce RTX 3060,12.1,unknown,,,2,True,1340.6921999994665,372.32129997573793,1024,45.0402656215374,3.686547950446841,43.96110004745424,52.281005086842924,57.11803906364365,40.70710018277168,71.0823000408709,45.00924324989319,3.6850306399620525,52.25053367614746,45.0402656215374,29.106382978723403,33.0,1723.1914893617022,1730.0,36.58106382978723,37.12,1700.5048148512558,,False,success,,clean_benchmark,{},1.3
4,coco_ssd,SSD MobileNet V1 / TensorFlow Object Detection API (90 COCO classes),pytorch,ssdlite320_mobilenet_v3_large (torchvision COCO_V1),near_equivalent,NVIDIA GeForce RTX 3060,12.1,unknown,,,3,True,1351.7206001561135,376.3638997916132,1024,44.11112186971877,2.8690074483020322,43.24104997795075,49.339279939886175,55.0312909646891,41.0131998360157,67.0074000954628,44.0805641785264,2.8674591100314544,49.310110092163086,44.11112186971877,29.543478260869566,33.0,1720.2608695652175,1726.0,36.62543478260869,37.06,1663.2659547663468,,False,success,,clean_benchmark,{},1.3
4,coco_ssd,SSD MobileNet V1 / TensorFlow Object Detection API (90 COCO classes),pytorch,ssdlite320_mobilenet_v3_large (torchvision COCO_V1),near_equivalent,NVIDIA GeForce RTX 3060,12.1,unknown,,,4,True,1345.077299978584,414.3769000656903,1024,42.2261731450817,1.6877152341440025,41.96555004455149,43.07999487500638,50.332328020595,40.777300018817186,67.23669986240566,42.197359811514616,1.6857065678493857,43.05225830078125,42.2261731450817,30.181818181818183,33.0,1720.0,1726.0,36.66954545454546,37.13,1592.7172204706483,,False,success,,clean_benchmark,{},1.3
5,mobilebert,"Google MobileBERT-uncased (24 blocks × 128-dim, SQuAD 1.1 fine-tuned)",pytorch,google/mobilebert-uncased (HuggingFace transformers),near_equivalent,NVIDIA GeForce RTX 3060,12.1,unknown,,,0,True,5267.150599975139,114.26239996217191,1024,25.865210353231305,4.3521082654005845,25.44980007223785,33.42778495280072,37.37780597759411,18.733900040388107,49.90139999426901,25.829757511615753,4.349707298028165,33.39863891601563,25.865210353231305,34.107142857142854,41.0,1679.7142857142858,1680.0,42.222142857142856,46.75,1158.0487058172503,,False,success,,clean_benchmark,{},1.3
5,mobilebert,"Google MobileBERT-uncased (24 blocks × 128-dim, SQuAD 1.1 fine-tuned)",pytorch,google/mobilebert-uncased (HuggingFace transformers),near_equivalent,NVIDIA GeForce RTX 3060,12.1,unknown,,,1,True,4529.496199917048,104.46620010770857,1024,21.573419343894784,2.9139693123473926,20.745550049468875,27.732429816387587,34.08058708766475,19.061900209635496,49.71730010583997,21.54326816648245,2.910991398937576,27.702874946594225,21.573419343894784,36.608695652173914,46.0,1679.6521739130435,1680.0,53.65826086956522,58.97,1200.368506552194,,False,success,,clean_benchmark,{},1.3
5,mobilebert,"Google MobileBERT-uncased (24 blocks × 128-dim, SQuAD 1.1 fine-tuned)",pytorch,google/mobilebert-uncased (HuggingFace transformers),near_equivalent,NVIDIA GeForce RTX 3060,12.1,unknown,,,2,True,4470.224600052461,110.23709992878139,1024,22.953281349373356,2.918426127539328,22.61754998471588,27.51846496248617,30.990693869534876,18.963899929076433,51.29439989104867,22.920520707964897,2.9129170740273578,27.48609333038329,22.953281349373356,35.48,44.0,1679.68,1680.0,49.523599999999995,58.0,1209.5081891648683,,False,success,,clean_benchmark,{},1.3
5,mobilebert,"Google MobileBERT-uncased (24 blocks × 128-dim, SQuAD 1.1 fine-tuned)",pytorch,google/mobilebert-uncased (HuggingFace transformers),near_equivalent,NVIDIA GeForce RTX 3060,12.1,unknown,,,3,True,11512.083299923688,99.99109990894794,1024,21.733579102829026,1.9948221447635197,21.345850080251694,26.111845008563247,28.37130199186504,18.85049999691546,38.425999926403165,21.70215479284525,1.9930933409213092,26.083931350708006,21.733579102829026,36.041666666666664,47.0,1679.6666666666667,1680.0,53.62875,58.82,1260.0957250448885,,False,success,,clean_benchmark,{},1.3
5,mobilebert,"Google MobileBERT-uncased (24 blocks × 128-dim, SQuAD 1.1 fine-tuned)",pytorch,google/mobilebert-uncased (HuggingFace transformers),near_equivalent,NVIDIA GeForce RTX 3060,12.1,unknown,,,4,True,4445.370899979025,107.77240013703704,1024,22.823524996965716,2.919829360647836,22.267399937845767,28.229949891101565,31.710639076773074,18.97060009650886,39.77939998731017,22.792154721915722,2.9169677812697636,28.189443588256836,22.823524996965716,36.16,44.0,1679.68,1680.0,52.5784,59.17,1285.0260139067484,,False,success,,clean_benchmark,{},1.3
6,mobilenetv3,"MobileNetV3-Small / ImageNet-1K (1000 classes, 224×224 input)",pytorch,mobilenet_v3_small (torchvision IMAGENET1K_V1),near_equivalent,NVIDIA GeForce RTX 3060,12.1,unknown,,,0,True,1293.1265998631716,178.34519990719855,1024,3.262942673472935,0.6815029610612003,2.880849875509739,4.843990062363446,5.0456540659070015,2.7153000701218843,6.210800027474761,3.2334279073402286,0.6777831408560083,4.805424165725707,3.262942673472935,14.4,25.0,1674.0,1726.0,35.842,38.7,144.8892906223261,,False,success,,clean_benchmark,{},1.3
6,mobilenetv3,"MobileNetV3-Small / ImageNet-1K (1000 classes, 224×224 input)",pytorch,mobilenet_v3_small (torchvision IMAGENET1K_V1),near_equivalent,NVIDIA GeForce RTX 3060,12.1,unknown,,,1,True,1252.9431998264045,185.437599895522,1024,3.3888961863794975,0.7266581907192079,3.0298499623313546,4.978974978439509,5.261712018400431,2.742999931797385,6.801400100812316,3.357598565518856,0.7224028550309821,4.939231944084167,3.3888961863794975,14.8,25.0,1670.0,1726.0,35.718,38.43,144.71847866896192,,False,success,,clean_benchmark,{},1.3
6,mobilenetv3,"MobileNetV3-Small / ImageNet-1K (1000 classes, 224×224 input)",pytorch,mobilenet_v3_small (torchvision IMAGENET1K_V1),near_equivalent,NVIDIA GeForce RTX 3060,12.1,unknown,,,2,True,1264.3150000367314,179.95689995586872,1024,3.386431246326538,0.8156908230138978,2.9574999352917075,4.997830023057757,5.350627987645566,2.723400015383959,9.865400148555636,3.3554023150354624,0.8107038289792879,4.957518434524535,3.386431246326538,12.2,27.0,1674.0,1726.0,35.286,38.29,142.54732122429527,,False,success,,clean_benchmark,{},1.3
6,mobilenetv3,"MobileNetV3-Small / ImageNet-1K (1000 classes, 224×224 input)",pytorch,mobilenet_v3_small (torchvision IMAGENET1K_V1),near_equivalent,NVIDIA GeForce RTX 3060,12.1,unknown,,,3,True,1256.1753999907523,178.97229990921915,1024,2.9961057566652016,0.34648585987148345,2.836999949067831,3.7669900106266136,3.9216619334183624,2.7264999225735664,6.933700060471892,2.9681111571844667,0.34474504606732753,3.739494502544403,2.9961057566652016,14.6,29.0,1674.0,1726.0,35.495999999999995,38.75,142.93737795041758,,False,success,,clean_benchmark,{},1.3
6,mobilenetv3,"MobileNetV3-Small / ImageNet-1K (1000 classes, 224×224 input)",pytorch,mobilenet_v3_small (torchvision IMAGENET1K_V1),near_equivalent,NVIDIA GeForce RTX 3060,12.1,unknown,,,4,True,1250.644100131467,177.2660999558866,1024,3.0400196226310072,0.32861938616670416,2.899400074966252,3.811120032332837,3.9023369387723505,2.773699816316366,6.644200067967176,3.0120366257615387,0.32693284554083585,3.784550368785858,3.0400196226310072,15.8,27.0,1674.0,1726.0,35.636,38.55,144.24191668751067,,False,success,,clean_benchmark,{},1.3
9,posenet,"Google PoseNet — MobileNet V1, 17 COCO keypoints, 2D heatmap (legacy; TF.js has since migrated to BlazePose / MoveNet)",mediapipe,pose_landmarker_lite.task,near_equivalent,NVIDIA GeForce RTX 3060,12.1,unknown,,,0,True,3051.895799813792,21.774200024083257,1024,8.74167637221035,0.31617691361003647,8.706400054506958,9.241069853305817,9.657870973460374,8.179000113159418,11.533700162544847,8.691647371277213,0.3119435407210215,9.171500539779663,8.74167637221035,0.1,1.0,1541.3,1543.0,32.122,32.2,291.9084399648837,,False,success,,clean_benchmark,{},1.3
9,posenet,"Google PoseNet — MobileNet V1, 17 COCO keypoints, 2D heatmap (legacy; TF.js has since migrated to BlazePose / MoveNet)",mediapipe,pose_landmarker_lite.task,near_equivalent,NVIDIA GeForce RTX 3060,12.1,unknown,,,1,True,3061.3959999755025,21.996899973601103,1024,8.497096972860163,0.17715364386089294,8.474100031889975,8.784330182243139,9.071222029160706,8.134900126606226,10.029499884694815,8.448209036141634,0.1729987654002588,8.716543817520142,8.497096972860163,0.5,5.0,1543.0,1543.0,31.991000000000003,32.08,289.98410426341695,,False,success,,clean_benchmark,{},1.3
9,posenet,"Google PoseNet — MobileNet V1, 17 COCO keypoints, 2D heatmap (legacy; TF.js has since migrated to BlazePose / MoveNet)",mediapipe,pose_landmarker_lite.task,near_equivalent,NVIDIA GeForce RTX 3060,12.1,unknown,,,2,True,3049.2438001092523,22.17049989849329,1024,8.482952442136593,0.17250701188380904,8.460049983114004,8.762775035575032,9.128567036241293,8.110200054943562,9.666699916124344,8.435329587198794,0.16864557658638626,8.71214370727539,8.482952442136593,0.0,0.0,1538.0,1538.0,31.854000000000003,32.04,289.71967765034526,,False,success,,clean_benchmark,{},1.3
9,posenet,"Google PoseNet — MobileNet V1, 17 COCO keypoints, 2D heatmap (legacy; TF.js has since migrated to BlazePose / MoveNet)",mediapipe,pose_landmarker_lite.task,near_equivalent,NVIDIA GeForce RTX 3060,12.1,unknown,,,3,True,3064.1681000124663,22.185100009664893,1024,8.494084964695503,0.20789533884222283,8.468449930660427,8.830065163783729,9.166685887612402,8.122700033709407,11.85890007764101,8.443806327879429,0.20457595815009244,8.750331449508666,8.494084964695503,0.0,0.0,1536.8,1538.0,31.899,32.08,290.136168953249,,False,success,,clean_benchmark,{},1.3
9,posenet,"Google PoseNet — MobileNet V1, 17 COCO keypoints, 2D heatmap (legacy; TF.js has since migrated to BlazePose / MoveNet)",mediapipe,pose_landmarker_lite.task,near_equivalent,NVIDIA GeForce RTX 3060,12.1,unknown,,,4,True,3031.72260010615,22.595199989154935,1024,8.47639628818797,0.18411347900905708,8.452200097963214,8.79029999487102,9.002393069677055,8.121599908918142,10.638500098139048,8.423969279043376,0.18089891399042096,8.732888126373291,8.47639628818797,0.0,0.0,1534.0,1534.0,31.865,32.13,287.8769194346841,,False,success,,clean_benchmark,{},1.3
10,deeplabv3,DeepLabV3+ / MobileNetV2 backbone / Pascal VOC 21 classes (dilated convolutions + ASPP),pytorch,deeplabv3_mobilenet_v3_large (torchvision COCO_WITH_VOC_LABELS_V1),near_equivalent,NVIDIA GeForce RTX 3060,12.1,unknown,,,0,True,1347.944499924779,221.1982998996973,1024,7.045222360147818,0.7289848718187664,6.71954988501966,8.582645026035607,9.069400988519192,6.575200008228421,18.027500016614795,7.001924435142428,0.7239922346445139,8.537292718887329,7.045222360147818,63.111111111111114,96.0,1748.111111111111,1788.0,91.76777777777778,118.53,755.0297317437804,,False,success,,clean_benchmark,{},1.3
10,deeplabv3,DeepLabV3+ / MobileNetV2 backbone / Pascal VOC 21 classes (dilated convolutions + ASPP),pytorch,deeplabv3_mobilenet_v3_large (torchvision COCO_WITH_VOC_LABELS_V1),near_equivalent,NVIDIA GeForce RTX 3060,12.1,unknown,,,1,True,1384.8494000267237,222.71460015326738,1024,6.763410355915767,0.2569586866461641,6.6742501221597195,7.188689906615764,7.526638945564628,6.583699956536293,12.139600003138185,6.724001125432551,0.254652969735032,7.153616118431092,6.763410355915767,73.625,98.0,1745.5,1788.0,96.29125,122.42,697.4388573669502,,False,success,,clean_benchmark,{},1.3
10,deeplabv3,DeepLabV3+ / MobileNetV2 backbone / Pascal VOC 21 classes (dilated convolutions + ASPP),pytorch,deeplabv3_mobilenet_v3_large (torchvision COCO_WITH_VOC_LABELS_V1),near_equivalent,NVIDIA GeForce RTX 3060,12.1,unknown,,,2,True,1324.8413000255823,216.25970001332462,1024,6.790178321125495,0.4245961602580968,6.670850096270442,7.261029991786926,8.023727852851152,6.584499962627888,14.135300181806087,6.750748279504478,0.42132515392381176,7.2211905002594,6.790178321125495,72.5,97.0,1745.5,1788.0,95.43875,123.16,694.0822165888002,,False,success,,clean_benchmark,{},1.3
10,deeplabv3,DeepLabV3+ / MobileNetV2 backbone / Pascal VOC 21 classes (dilated convolutions + ASPP),pytorch,deeplabv3_mobilenet_v3_large (torchvision COCO_WITH_VOC_LABELS_V1),near_equivalent,NVIDIA GeForce RTX 3060,12.1,unknown,,,3,True,1347.6434000767767,221.14849998615682,1024,7.123233788433936,0.6682103237809647,6.755549926310778,8.649375103414059,8.842787866014987,6.587100215256214,12.175199808552861,7.080586566124111,0.6665337485129259,8.600817346572876,7.123233788433936,72.11111111111111,95.0,1750.2222222222222,1788.0,93.84222222222223,119.51,774.2911226268869,,False,success,,clean_benchmark,{},1.3
10,deeplabv3,DeepLabV3+ / MobileNetV2 backbone / Pascal VOC 21 classes (dilated convolutions + ASPP),pytorch,deeplabv3_mobilenet_v3_large (torchvision COCO_WITH_VOC_LABELS_V1),near_equivalent,NVIDIA GeForce RTX 3060,12.1,unknown,,,4,True,1345.5829999875277,221.2563999928534,1024,7.283740915227099,0.8836792771174319,6.9228500360623,8.820350025780499,9.333488894626496,6.605799775570631,17.966199899092317,7.239761367905885,0.8804754240512572,8.76569619178772,7.283740915227099,69.11111111111111,94.0,1750.2222222222222,1788.0,92.14555555555555,118.17,759.0308751170769,,False,success,,clean_benchmark,{},1.3
1,selfie_segmentation,Google ML Kit / custom MobileNetV3 segmentation backbone,pytorch,lraspp_mobilenet_v3_large (torchvision COCO_WITH_VOC_LABELS_V1),near_equivalent,NVIDIA GeForce RTX 3060,12.1,unknown,,,0,True,1303.1597998924553,194.46299993433058,1024,3.77256269098325,0.5604304719979197,3.611949970945716,4.827569890767334,5.772569824475795,3.089999780058861,10.396600002422929,3.734034625114873,0.5532763903403917,4.764952039718628,3.77256269098325,28.0,48.0,1730.6,1837.0,47.336,62.82,190.58422679584007,,False,success,,clean_benchmark,{},1.3
1,selfie_segmentation,Google ML Kit / custom MobileNetV3 segmentation backbone,pytorch,lraspp_mobilenet_v3_large (torchvision COCO_WITH_VOC_LABELS_V1),near_equivalent,NVIDIA GeForce RTX 3060,12.1,unknown,,,1,True,1366.3468000013381,191.41740002669394,1024,3.3011233404067752,0.26921119719324504,3.257200005464256,3.5639849142171443,3.7829079874791205,3.0614000279456377,10.497600072994828,3.2715032156556845,0.2624758892943057,3.52857768535614,3.3011233404067752,28.4,48.0,1730.0,1834.0,47.612,64.84,191.01713480959182,,False,success,,clean_benchmark,{},1.3
1,selfie_segmentation,Google ML Kit / custom MobileNetV3 segmentation backbone,pytorch,lraspp_mobilenet_v3_large (torchvision COCO_WITH_VOC_LABELS_V1),near_equivalent,NVIDIA GeForce RTX 3060,12.1,unknown,,,2,True,1411.0727000515908,194.10990015603602,1024,3.977413969096233,1.002352994301041,3.661450115032494,5.474139924626795,9.232614040374756,3.205500077456236,11.917500058189034,3.936116937780753,0.9966101204314323,5.434220695495601,3.977413969096233,27.833333333333332,44.0,1737.3333333333333,1824.0,49.22666666666667,62.35,249.6237930294476,,False,success,,clean_benchmark,{},1.3
1,selfie_segmentation,Google ML Kit / custom MobileNetV3 segmentation backbone,pytorch,lraspp_mobilenet_v3_large (torchvision COCO_WITH_VOC_LABELS_V1),near_equivalent,NVIDIA GeForce RTX 3060,12.1,unknown,,,3,True,1341.9751999899745,198.11309990473092,1024,3.5537439466679643,0.5766410190977188,3.418399952352047,4.4284599949605745,5.59362693922594,3.0627998057752848,12.472399976104498,3.5236465646885335,0.5723450949696455,4.3935743093490585,3.5537439466679643,26.0,42.0,1711.0,1815.0,48.438,63.34,196.06195540860648,,False,success,,clean_benchmark,{},1.3
1,selfie_segmentation,Google ML Kit / custom MobileNetV3 segmentation backbone,pytorch,lraspp_mobilenet_v3_large (torchvision COCO_WITH_VOC_LABELS_V1),near_equivalent,NVIDIA GeForce RTX 3060,12.1,unknown,,,4,True,1290.9643999300897,200.0102000311017,1024,4.146388969729742,1.0496188320420465,3.5785000072792172,5.821350170299411,6.135655001271515,3.094799816608429,10.619999840855598,4.111664374126121,1.0423566499496,5.770759916305542,4.146388969729742,19.833333333333332,40.0,1731.8333333333333,1820.0,42.151666666666664,51.41,214.43624625008204,,False,success,,clean_benchmark,{},1.3
2,hand_pose_3d,MediaPipe BlazePalm + Hand Landmark (21 3D keypoints),mediapipe,hand_landmarker.task,exact,NVIDIA GeForce RTX 3060,12.1,unknown,,,0,True,3070.9216999821365,21.97670005261898,1024,8.65489853777035,0.6879534317242666,8.600149885751307,9.138124901801346,9.748871093615888,8.053699973970652,25.243100011721253,8.593671928159893,0.6867393540874127,9.07658281326294,8.65489853777035,1.7,5.0,1517.0,1517.0,32.203,32.53,291.9521961880033,,False,success,,clean_benchmark,{},1.3
2,hand_pose_3d,MediaPipe BlazePalm + Hand Landmark (21 3D keypoints),mediapipe,hand_landmarker.task,exact,NVIDIA GeForce RTX 3060,12.1,unknown,,,1,True,3103.5835999064147,22.580600110813975,1024,8.467099608878925,0.5666361289793164,8.354249992407858,9.091764979530124,11.282139073591678,8.020099950954318,17.65340007841587,8.404013596009463,0.5637649858023365,9.012361669540406,8.467099608878925,0.3,1.0,1517.0,1517.0,32.007999999999996,32.15,290.6488277680811,,False,success,,clean_benchmark,{},1.3
2,hand_pose_3d,MediaPipe BlazePalm + Hand Landmark (21 3D keypoints),mediapipe,hand_landmarker.task,exact,NVIDIA GeForce RTX 3060,12.1,unknown,,,2,True,3042.3258000519127,22.32340001501143,1024,8.509687700097857,0.3401172033450134,8.43415001872927,8.984905062243342,9.63680288521573,8.053299970924854,12.694300152361393,8.459486415144056,0.33691107643406565,8.938159751892089,8.509687700097857,0.4,1.0,1509.0,1509.0,32.128,32.53,291.7087208704744,,False,success,,clean_benchmark,{},1.3
2,hand_pose_3d,MediaPipe BlazePalm + Hand Landmark (21 3D keypoints),mediapipe,hand_landmarker.task,exact,NVIDIA GeForce RTX 3060,12.1,unknown,,,3,True,3129.6169001143426,26.364099932834506,1024,8.595308494022902,0.23697626806989003,8.580200024880469,8.934755064547062,9.273355100303888,8.074600016698241,11.128100100904703,8.533039239235222,0.232558163425927,8.8677264213562,8.595308494022902,0.2,1.0,1518.0,1518.0,32.302,32.6,293.3787075410783,,False,success,,clean_benchmark,{},1.3
2,hand_pose_3d,MediaPipe BlazePalm + Hand Landmark (21 3D keypoints),mediapipe,hand_landmarker.task,exact,NVIDIA GeForce RTX 3060,12.1,unknown,,,4,True,3102.5507000740618,21.84649999253452,1024,8.61465712705467,0.30185899011769174,8.596250088885427,9.126784896943718,9.619490932673216,8.04250012151897,11.478999862447381,8.558293743990362,0.29753571969390924,9.075478506088256,8.61465712705467,0.6,1.0,1517.0,1517.0,32.362,32.56,294.3283599513629,,False,success,,clean_benchmark,{},1.3
3,speech_command_recognizer,Google / depthwise-separable CNN on STFT spectrogram (18 classes),pytorch,"SpeechCNN (custom depthwise-sep, random init)",near_equivalent,NVIDIA GeForce RTX 3060,12.1,unknown,,,0,True,62.661999836564064,128.1859001610428,1024,0.7654798819203279,0.2090353511128921,0.7200500695034862,1.019614981487392,1.4731020317412902,0.6638998165726662,5.597699899226427,0.7375944997766055,0.20205360996607685,0.9698031961917872,0.7654798819203279,1.5,2.0,1573.0,1573.0,32.465,32.57,32.96574989901856,,False,success,,clean_benchmark,{},1.3
3,speech_command_recognizer,Google / depthwise-separable CNN on STFT spectrogram (18 classes),pytorch,"SpeechCNN (custom depthwise-sep, random init)",near_equivalent,NVIDIA GeForce RTX 3060,12.1,unknown,,,1,True,62.52529984340072,123.02220007404685,1024,0.7794616205956117,0.24343615757530965,0.7083999225869775,1.2219948926940551,1.5560129471123216,0.6631999276578426,5.89819997549057,0.7501758751750458,0.23586650688370195,1.1752640128135678,0.7794616205956117,1.0,1.0,1565.0,1565.0,32.445,32.51,32.67071662063943,,False,success,,clean_benchmark,{},1.3
3,speech_command_recognizer,Google / depthwise-separable CNN on STFT spectrogram (18 classes),pytorch,"SpeechCNN (custom depthwise-sep, random init)",near_equivalent,NVIDIA GeForce RTX 3060,12.1,unknown,,,2,True,62.552900053560734,126.30319991149008,1024,0.7526687472818594,0.18058394604940642,0.7247000467032194,0.8717949036508795,1.3490048749372359,0.6776000373065472,5.575499963015318,0.7252994377922732,0.1746607276968447,0.8376175969839096,0.7526687472818594,4.5,8.0,1565.0,1565.0,32.58,32.69,32.67119467831682,,False,success,,clean_benchmark,{},1.3
3,speech_command_recognizer,Google / depthwise-separable CNN on STFT spectrogram (18 classes),pytorch,"SpeechCNN (custom depthwise-sep, random init)",near_equivalent,NVIDIA GeForce RTX 3060,12.1,unknown,,,3,True,62.1741998475045,123.21259989403188,1024,0.7284596740646521,0.16241140058592055,0.7069500861689448,0.8354500401765107,0.9796249819919466,0.6722998805344105,5.473600002005696,0.7026119995862246,0.15695591736259712,0.808966416120529,0.7284596740646521,2.5,5.0,1565.0,1565.0,32.57,32.6,32.598251213203184,,False,success,,clean_benchmark,{},1.3
3,speech_command_recognizer,Google / depthwise-separable CNN on STFT spectrogram (18 classes),pytorch,"SpeechCNN (custom depthwise-sep, random init)",near_equivalent,NVIDIA GeForce RTX 3060,12.1,unknown,,,4,True,68.75069998204708,122.26790003478527,1024,0.9758253961535956,0.3376434394306852,0.7566000567749143,1.3596550095826387,1.4243320189416409,0.6757001392543316,6.464399863034487,0.9437086256803013,0.328599837671366,1.319238406419754,0.9758253961535956,1.3333333333333333,4.0,1618.0,1706.0,33.82,36.4,67.63664324693383,,False,success,,clean_benchmark,{},1.3
4,coco_ssd,SSD MobileNet V1 / TensorFlow Object Detection API (90 COCO classes),pytorch,ssdlite320_mobilenet_v3_large (torchvision COCO_V1),near_equivalent,NVIDIA GeForce RTX 3060,12.1,unknown,,,0,True,1346.9853999558836,371.47950008511543,1024,41.14673926051182,5.047411827494152,39.34165008831769,53.39143495075403,63.29721315065399,37.59770002216101,66.69149990193546,41.11427864432335,5.044543513321754,53.349507522582996,41.14673926051182,31.74418604651163,36.0,1702.860465116279,1709.0,36.8193023255814,37.36,1563.5093616893482,,False,success,,clean_benchmark,{},1.3
4,coco_ssd,SSD MobileNet V1 / TensorFlow Object Detection API (90 COCO classes),pytorch,ssdlite320_mobilenet_v3_large (torchvision COCO_V1),near_equivalent,NVIDIA GeForce RTX 3060,12.1,unknown,,,1,True,1360.9867000486702,377.6736001018435,1024,41.66479980221993,5.282994880787758,39.717349922284484,55.51660516066476,63.57069490477443,37.75410004891455,66.18550000712276,41.631469674408436,5.280336099762719,55.48616542816162,41.66479980221993,31.363636363636363,36.0,1704.0,1710.0,36.809090909090905,37.48,1600.435578286188,,False,success,,clean_benchmark,{},1.3
4,coco_ssd,SSD MobileNet V1 / TensorFlow Object Detection API (90 COCO classes),pytorch,ssdlite320_mobilenet_v3_large (torchvision COCO_V1),near_equivalent,NVIDIA GeForce RTX 3060,12.1,unknown,,,2,True,1340.4501001350582,363.8057999778539,1024,40.46802265520455,1.9701010545338336,40.01350002363324,43.512015137821436,46.945094009861336,37.92789997532964,66.96429988369346,40.43460140377283,1.9672434310703126,43.477183151245114,40.46802265520455,32.25581395348837,40.0,1704.046511627907,1711.0,36.94627906976744,37.41,1566.5218593612528,,False,success,,clean_benchmark,{},1.3
4,coco_ssd,SSD MobileNet V1 / TensorFlow Object Detection API (90 COCO classes),pytorch,ssdlite320_mobilenet_v3_large (torchvision COCO_V1),near_equivalent,NVIDIA GeForce RTX 3060,12.1,unknown,,,3,True,1348.4150001313537,376.66269997134805,1024,42.931261134754095,4.247560677248486,43.03975007496774,51.29846982890739,58.240669046062976,36.958200158551335,74.74710000678897,42.89616710692644,4.243856385151879,51.26285343170165,42.931261134754095,33.17777777777778,40.0,1704.6888888888889,1711.0,37.40555555555556,39.84,1663.262663274705,,False,success,,clean_benchmark,{},1.3
4,coco_ssd,SSD MobileNet V1 / TensorFlow Object Detection API (90 COCO classes),pytorch,ssdlite320_mobilenet_v3_large (torchvision COCO_V1),near_equivalent,NVIDIA GeForce RTX 3060,12.1,unknown,,,4,True,1375.697499839589,368.8185999635607,1024,44.7836020464365,1.3409490158675932,44.673349941149354,46.249135106336325,47.30745002394542,42.430599918588996,67.76160001754761,44.74035283923149,1.3410314000664136,46.21349773406982,44.7836020464365,38.12765957446808,41.0,1704.787234042553,1711.0,38.43936170212766,39.59,1787.572624879604,,False,success,,clean_benchmark,{},1.3
5,mobilebert,"Google MobileBERT-uncased (24 blocks × 128-dim, SQuAD 1.1 fine-tuned)",pytorch,google/mobilebert-uncased (HuggingFace transformers),near_equivalent,NVIDIA GeForce RTX 3060,12.1,unknown,,,0,True,14914.466899819672,110.77979998663068,1024,21.336570701805613,0.8539423273354507,21.1762998951599,22.51223005587235,24.3648051097989,19.925399916246533,35.39639990776777,21.282416339963675,0.8527270524118872,22.43172378540039,21.336570701805613,45.47826086956522,50.0,1664.6521739130435,1665.0,56.26869565217392,59.37,1260.1310174971038,,False,success,,clean_benchmark,{},1.3
5,mobilebert,"Google MobileBERT-uncased (24 blocks × 128-dim, SQuAD 1.1 fine-tuned)",pytorch,google/mobilebert-uncased (HuggingFace transformers),near_equivalent,NVIDIA GeForce RTX 3060,12.1,unknown,,,1,True,5729.624400148168,111.24320002272725,1024,24.358338283263947,3.390571847049693,23.76939996611327,30.552159959916022,34.44722895976155,20.092299906536937,49.27229997701943,24.30153497494757,3.392236652006206,30.472184944152833,24.358338283263947,40.88461538461539,49.0,1664.6923076923076,1665.0,55.23461538461538,58.36,1401.8090230240834,,False,success,,clean_benchmark,{},1.3
5,mobilebert,"Google MobileBERT-uncased (24 blocks × 128-dim, SQuAD 1.1 fine-tuned)",pytorch,google/mobilebert-uncased (HuggingFace transformers),near_equivalent,NVIDIA GeForce RTX 3060,12.1,unknown,,,2,True,14170.43530009687,107.37299988977611,1024,21.502458201211994,0.8555270901576697,21.347149973735213,22.68014997243881,25.213767949026078,19.803000148385763,34.08239991404116,21.447073683142662,0.8574026939708755,22.632487201690676,21.502458201211994,44.82608695652174,50.0,1664.4782608695652,1665.0,56.21130434782609,59.58,1257.791362779251,,False,success,,clean_benchmark,{},1.3
5,mobilebert,"Google MobileBERT-uncased (24 blocks × 128-dim, SQuAD 1.1 fine-tuned)",pytorch,google/mobilebert-uncased (HuggingFace transformers),near_equivalent,NVIDIA GeForce RTX 3060,12.1,unknown,,,3,True,4651.056800037622,109.99309993349016,1024,22.035093747490464,2.2738363429374813,21.405049948953092,25.780875002965328,32.056893955450505,20.23910009302199,46.662900131195784,21.984477983787656,2.2718813432838263,25.733929061889643,22.035093747490464,44.041666666666664,50.0,1663.6666666666667,1664.0,56.21333333333333,59.68,1313.327837950092,,False,success,,clean_benchmark,{},1.3
5,mobilebert,"Google MobileBERT-uncased (24 blocks × 128-dim, SQuAD 1.1 fine-tuned)",pytorch,google/mobilebert-uncased (HuggingFace transformers),near_equivalent,NVIDIA GeForce RTX 3060,12.1,unknown,,,4,True,19866.75849999301,112.35300009138882,1024,20.997607810841146,2.5901758179615557,20.173650002107024,24.693650170229372,32.72865603212265,18.393700011074543,43.01000013947487,20.95887997560203,2.579310979577103,24.657305812835688,20.997607810841146,38.791666666666664,49.0,1664.6666666666667,1665.0,55.42250000000001,60.38,1297.7756211885428,,False,success,,clean_benchmark,{},1.3
6,mobilenetv3,"MobileNetV3-Small / ImageNet-1K (1000 classes, 224×224 input)",pytorch,mobilenet_v3_small (torchvision IMAGENET1K_V1),near_equivalent,NVIDIA GeForce RTX 3060,12.1,unknown,,,0,True,1274.4828001596034,196.88890012912452,1024,3.015446486415385,0.5224409809941578,2.835750114172697,3.9887250051833685,4.943861854262648,2.5300998240709305,7.35439988784492,2.9845689677167684,0.5182767470972798,3.9587872147560113,3.015446486415385,18.4,30.0,1685.4,1763.0,36.446000000000005,39.38,147.23587494315814,,False,success,,clean_benchmark,{},1.3
6,mobilenetv3,"MobileNetV3-Small / ImageNet-1K (1000 classes, 224×224 input)",pytorch,mobilenet_v3_small (torchvision IMAGENET1K_V1),near_equivalent,NVIDIA GeForce RTX 3060,12.1,unknown,,,1,True,1372.8981998283416,181.25189980491996,1024,2.7726445371172304,0.41660436295459946,2.636500052176416,3.4094001166522476,3.964041906874626,2.503700088709593,7.607100065797567,2.744404936907813,0.4139918083643647,3.36852318048477,2.7726445371172304,13.75,28.0,1675.75,1741.0,35.2625,39.29,105.8458450068126,,False,success,,clean_benchmark,{},1.3
6,mobilenetv3,"MobileNetV3-Small / ImageNet-1K (1000 classes, 224×224 input)",pytorch,mobilenet_v3_small (torchvision IMAGENET1K_V1),near_equivalent,NVIDIA GeForce RTX 3060,12.1,unknown,,,2,True,1254.428399959579,178.5778000485152,1024,2.918157225167306,0.6032805253381645,2.635449985973537,4.531794833019376,4.7712789196521035,2.4868000764399767,6.405699998140335,2.888835186138749,0.5993258260516261,4.492340636253356,2.918157225167306,17.0,29.0,1688.0,1740.0,35.65,38.97,143.34274212726393,,False,success,,clean_benchmark,{},1.3
6,mobilenetv3,"MobileNetV3-Small / ImageNet-1K (1000 classes, 224×224 input)",pytorch,mobilenet_v3_small (torchvision IMAGENET1K_V1),near_equivalent,NVIDIA GeForce RTX 3060,12.1,unknown,,,3,True,1352.5731000117958,188.27990000136197,1024,3.0165847626903997,0.5796273559780725,2.770699909888208,4.525604983791709,4.911127053201199,2.5337000843137503,6.067800102755427,2.982959656044841,0.5732901058115161,4.477183794975279,3.0165847626903997,17.8,35.0,1677.6,1730.0,35.525999999999996,38.92,143.29897868455737,,False,success,,clean_benchmark,{},1.3
6,mobilenetv3,"MobileNetV3-Small / ImageNet-1K (1000 classes, 224×224 input)",pytorch,mobilenet_v3_small (torchvision IMAGENET1K_V1),near_equivalent,NVIDIA GeForce RTX 3060,12.1,unknown,,,4,True,1322.0120000187308,182.19359987415373,1024,3.0969126967193006,0.6804302660726786,2.7828000020235777,4.679660010151564,5.097807988058776,2.5146000552922487,6.798400077968836,3.060197407612577,0.6750693524024884,4.634587240219116,3.0969126967193006,18.6,36.0,1663.0,1715.0,35.536,38.72,142.92196420870837,,False,success,,clean_benchmark,{},1.3
9,posenet,"Google PoseNet — MobileNet V1, 17 COCO keypoints, 2D heatmap (legacy; TF.js has since migrated to BlazePose / MoveNet)",mediapipe,pose_landmarker_lite.task,near_equivalent,NVIDIA GeForce RTX 3060,12.1,unknown,,,0,True,3149.2711000610143,22.91030017659068,1024,8.938988089084887,0.4651297687700041,8.81560007110238,9.728570154402405,10.772657955531031,8.221599971875548,11.849199887365103,8.868303105700761,0.4592534012298259,9.66814694404602,8.938988089084887,1.9090909090909092,9.0,1523.0,1523.0,32.62818181818182,33.1,329.23466226300576,,False,success,,clean_benchmark,{},1.3
9,posenet,"Google PoseNet — MobileNet V1, 17 COCO keypoints, 2D heatmap (legacy; TF.js has since migrated to BlazePose / MoveNet)",mediapipe,pose_landmarker_lite.task,near_equivalent,NVIDIA GeForce RTX 3060,12.1,unknown,,,1,True,3254.951399983838,23.095699958503246,1024,8.984701854615196,0.5703685961421346,8.907250012271106,9.811810054816306,10.40960500249639,8.174999849870801,15.64229978248477,8.919572041369975,0.5697635424835548,9.740435361862183,8.984701854615196,3.8181818181818183,10.0,1524.0,1524.0,32.68636363636364,33.26,329.21947644377826,,False,success,,clean_benchmark,{},1.3
9,posenet,"Google PoseNet — MobileNet V1, 17 COCO keypoints, 2D heatmap (legacy; TF.js has since migrated to BlazePose / MoveNet)",mediapipe,pose_landmarker_lite.task,near_equivalent,NVIDIA GeForce RTX 3060,12.1,unknown,,,2,True,3208.6797999218106,23.79040000960231,1024,9.05790468482337,0.602008304369186,8.988199871964753,9.975884959567336,10.570895022246987,8.26869998127222,17.35979993827641,8.994397935457528,0.5993830979837115,9.921536207199095,9.05790468482337,4.7272727272727275,10.0,1523.0,1523.0,32.74,33.11,331.21675659935335,,False,success,,clean_benchmark,{},1.3
9,posenet,"Google PoseNet — MobileNet V1, 17 COCO keypoints, 2D heatmap (legacy; TF.js has since migrated to BlazePose / MoveNet)",mediapipe,pose_landmarker_lite.task,near_equivalent,NVIDIA GeForce RTX 3060,12.1,unknown,,,3,True,3084.316899999976,22.44050009176135,1024,8.513167482760764,0.4017756768443222,8.402250125072896,9.100640029646456,9.789363963063805,8.06620018556714,15.88559988886118,8.47247210610658,0.3982303632683918,9.063424110412598,8.513167482760764,0.6,3.0,1512.0,1512.0,32.181,32.35,293.11612212944306,,False,success,,clean_benchmark,{},1.3
9,posenet,"Google PoseNet — MobileNet V1, 17 COCO keypoints, 2D heatmap (legacy; TF.js has since migrated to BlazePose / MoveNet)",mediapipe,pose_landmarker_lite.task,near_equivalent,NVIDIA GeForce RTX 3060,12.1,unknown,,,4,True,2995.622099842876,21.722299978137016,1024,8.44382988293546,0.2273002384219998,8.399749989621341,8.830724970903248,9.19921899214387,8.075099904090166,10.593899991363287,8.398231137543917,0.22097218355147275,8.777417945861815,8.44382988293546,0.0,0.0,1520.0,1520.0,32.102,32.15,291.0794543568045,,False,success,,clean_benchmark,{},1.3
10,deeplabv3,DeepLabV3+ / MobileNetV2 backbone / Pascal VOC 21 classes (dilated convolutions + ASPP),pytorch,deeplabv3_mobilenet_v3_large (torchvision COCO_WITH_VOC_LABELS_V1),near_equivalent,NVIDIA GeForce RTX 3060,12.1,unknown,,,0,True,1418.044599937275,229.6638002153486,1024,7.266790331186712,0.7617123608882573,6.968950037844479,8.455204986967145,9.622521009296179,6.57239998690784,13.007800094783306,7.221745185088366,0.7574230270625648,8.407883501052856,7.266790331186712,62.22222222222222,94.0,1730.6666666666667,1768.0,91.27222222222223,117.11,754.0823458090866,,False,success,,clean_benchmark,{},1.3
10,deeplabv3,DeepLabV3+ / MobileNetV2 backbone / Pascal VOC 21 classes (dilated convolutions + ASPP),pytorch,deeplabv3_mobilenet_v3_large (torchvision COCO_WITH_VOC_LABELS_V1),near_equivalent,NVIDIA GeForce RTX 3060,12.1,unknown,,,1,True,1369.1500001586974,220.850600162521,1024,7.354252342793188,0.9438977155278222,6.980350008234382,8.701194950845089,9.792110056150705,6.560900015756488,19.851800054311752,7.301572605967522,0.93614654737012,8.577024459838867,7.354252342793188,71.0,97.0,1740.2222222222222,1778.0,92.78222222222222,117.08,766.5391465738625,,False,success,,clean_benchmark,{},1.3
10,deeplabv3,DeepLabV3+ / MobileNetV2 backbone / Pascal VOC 21 classes (dilated convolutions + ASPP),pytorch,deeplabv3_mobilenet_v3_large (torchvision COCO_WITH_VOC_LABELS_V1),near_equivalent,NVIDIA GeForce RTX 3060,12.1,unknown,,,2,True,1334.9630001466721,221.95559996180236,1024,7.296962210148195,0.7439184964207798,7.02675012871623,8.434804901480675,9.470349014736712,6.583299953490496,12.657300103455782,7.248669161926955,0.7401877652417781,8.378470134735107,7.296962210148195,70.66666666666667,93.0,1736.888888888889,1776.0,94.60777777777778,116.12,783.6895140785398,,False,success,,clean_benchmark,{},1.3
10,deeplabv3,DeepLabV3+ / MobileNetV2 backbone / Pascal VOC 21 classes (dilated convolutions + ASPP),pytorch,deeplabv3_mobilenet_v3_large (torchvision COCO_WITH_VOC_LABELS_V1),near_equivalent,NVIDIA GeForce RTX 3060,12.1,unknown,,,3,True,1330.1647000480443,220.27960000559688,1024,7.289399215096637,0.8267878457845588,6.910850061103702,8.886950032319874,9.90252299234271,6.595400162041187,13.677400071173906,7.233999033458531,0.8155543037446012,8.799897575378417,7.289399215096637,73.88888888888889,98.0,1736.2222222222222,1774.0,94.83,121.68,785.614985227927,,False,success,,clean_benchmark,{},1.3
10,deeplabv3,DeepLabV3+ / MobileNetV2 backbone / Pascal VOC 21 classes (dilated convolutions + ASPP),pytorch,deeplabv3_mobilenet_v3_large (torchvision COCO_WITH_VOC_LABELS_V1),near_equivalent,NVIDIA GeForce RTX 3060,12.1,unknown,,,4,True,1364.8483001161367,217.05249999649823,1024,7.153778806923583,0.6587855267798979,6.779949995689094,8.350125036668032,8.902221084572371,6.603100104257464,12.69729994237423,7.108286908362061,0.6555523888546542,8.296077013015747,7.153778806923583,61.333333333333336,94.0,1737.2222222222222,1775.0,93.40222222222222,120.14,769.0713733306167,,False,success,,clean_benchmark,{},1.3
1,selfie_segmentation,Google ML Kit / custom MobileNetV3 segmentation backbone,pytorch,lraspp_mobilenet_v3_large (torchvision COCO_WITH_VOC_LABELS_V1),near_equivalent,NVIDIA GeForce RTX 3060,12.1,unknown,,,0,True,1328.2426001969725,191.9586998410523,1024,4.0488115228072274,0.813926131088716,3.6639999598264694,5.908275116235018,6.417016878258437,3.3833999186754227,10.400899918749928,4.019402060424909,0.8098350510289637,5.878924751281738,4.0488115228072274,24.333333333333332,43.0,1757.3333333333333,1844.0,44.78333333333333,59.73,225.16892167690443,,False,success,,clean_benchmark,{},1.3
1,selfie_segmentation,Google ML Kit / custom MobileNetV3 segmentation backbone,pytorch,lraspp_mobilenet_v3_large (torchvision COCO_WITH_VOC_LABELS_V1),near_equivalent,NVIDIA GeForce RTX 3060,12.1,unknown,,,1,True,1310.2197998668998,201.20860007591546,1024,3.7147312477827654,0.40962286308736645,3.6025000736117363,4.149554949253795,5.976897010114042,3.3900998532772064,10.725499829277396,3.6866614024620503,0.40662244559873045,4.117779326438901,3.7147312477827654,23.8,40.0,1743.0,1847.0,46.269999999999996,61.85,185.4938790120592,,False,success,,clean_benchmark,{},1.3
1,selfie_segmentation,Google ML Kit / custom MobileNetV3 segmentation backbone,pytorch,lraspp_mobilenet_v3_large (torchvision COCO_WITH_VOC_LABELS_V1),near_equivalent,NVIDIA GeForce RTX 3060,12.1,unknown,,,2,True,1298.9635998383164,196.48770010098815,1024,3.725439939444186,0.4232948712862739,3.618250018917024,4.075274884235113,5.991423013620079,3.37380007840693,10.46160003170371,3.697538033593446,0.4194745814877019,4.049035358428954,3.725439939444186,23.6,40.0,1743.0,1847.0,45.92,62.47,182.99002536219544,,False,success,,clean_benchmark,{},1.3
1,selfie_segmentation,Google ML Kit / custom MobileNetV3 segmentation backbone,pytorch,lraspp_mobilenet_v3_large (torchvision COCO_WITH_VOC_LABELS_V1),near_equivalent,NVIDIA GeForce RTX 3060,12.1,unknown,,,3,True,1316.606900189072,190.45300013385713,1024,3.6752522519236663,0.33017226014447754,3.566750092431903,4.374280013144016,4.526978984940797,3.3758000936359167,10.31029992736876,3.6480913469567895,0.32755072185611367,4.339449810981749,3.6752522519236663,23.8,40.0,1743.0,1847.0,46.488,62.57,185.98046353239914,,False,success,,clean_benchmark,{},1.3
1,selfie_segmentation,Google ML Kit / custom MobileNetV3 segmentation backbone,pytorch,lraspp_mobilenet_v3_large (torchvision COCO_WITH_VOC_LABELS_V1),near_equivalent,NVIDIA GeForce RTX 3060,12.1,unknown,,,4,True,1284.8344999365509,193.75879992730916,1024,3.702180569689517,0.4554154077863976,3.6039500264450908,4.0726749459281555,4.602516905870287,3.4038000740110874,14.415099984034896,3.6745347764808685,0.45260535183342143,4.0344799757003775,3.702180569689517,26.0,43.0,1743.0,1847.0,46.912,62.73,188.29069179101265,,False,success,,clean_benchmark,{},1.3
2,hand_pose_3d,MediaPipe BlazePalm + Hand Landmark (21 3D keypoints),mediapipe,hand_landmarker.task,exact,NVIDIA GeForce RTX 3060,12.1,unknown,,,0,True,3027.835499960929,22.486000088974833,1024,8.401966013479978,0.3684000836233888,8.368099923245609,8.68427992099896,9.214810994453728,8.068899856880307,18.40310008265078,8.34548394009471,0.36485425110135206,8.617079591751098,8.401966013479978,0.0,0.0,1545.0,1545.0,32.822,32.92,298.43934148920005,,False,success,,clean_benchmark,{},1.3
2,hand_pose_3d,MediaPipe BlazePalm + Hand Landmark (21 3D keypoints),mediapipe,hand_landmarker.task,exact,NVIDIA GeForce RTX 3060,12.1,unknown,,,1,True,3012.4319000169635,22.622999968007207,1024,8.478801657247459,0.22742427048711134,8.446999941952527,8.799145161174238,9.344147895462811,8.11169994994998,11.49590010754764,8.409555171616375,0.2232555297998295,8.735576391220093,8.478801657247459,0.0,0.0,1545.0,1545.0,32.870999999999995,33.17,296.833637290491,,False,success,,clean_benchmark,{},1.3
2,hand_pose_3d,MediaPipe BlazePalm + Hand Landmark (21 3D keypoints),mediapipe,hand_landmarker.task,exact,NVIDIA GeForce RTX 3060,12.1,unknown,,,2,True,3090.8504999242723,22.440799977630377,1024,8.47027851978055,0.24885137407612506,8.42995010316372,8.889890054706482,9.16174990357831,8.064799942076206,12.003100011497736,8.411040181294084,0.24701369180282423,8.818852472305297,8.47027851978055,0.0,0.0,1549.0,1555.0,32.826,33.1,297.69931317235927,,False,success,,clean_benchmark,{},1.3
2,hand_pose_3d,MediaPipe BlazePalm + Hand Landmark (21 3D keypoints),mediapipe,hand_landmarker.task,exact,NVIDIA GeForce RTX 3060,12.1,unknown,,,3,True,3005.210699979216,22.39289996214211,1024,8.441901464038892,0.1784852885185779,8.427299908362329,8.719310036394745,8.981071987655014,8.038500091060996,9.667000034824014,8.376081391703337,0.17494088835857768,8.65685157775879,8.441901464038892,0.1,1.0,1555.0,1555.0,32.774,33.01,296.30278105690724,,False,success,,clean_benchmark,{},1.3
2,hand_pose_3d,MediaPipe BlazePalm + Hand Landmark (21 3D keypoints),mediapipe,hand_landmarker.task,exact,NVIDIA GeForce RTX 3060,12.1,unknown,,,4,True,3027.534599881619,22.50720001757145,1024,8.455795504687558,0.29595579825555834,8.418599958531559,8.723654970526695,9.382644018623978,8.087299996986985,14.548000181093812,8.39334958139807,0.29213579696443137,8.652716922760009,8.455795504687558,0.0,0.0,1545.0,1545.0,32.652,32.79,295.8138798617222,,False,success,,clean_benchmark,{},1.3
3,speech_command_recognizer,Google / depthwise-separable CNN on STFT spectrogram (18 classes),pytorch,"SpeechCNN (custom depthwise-sep, random init)",near_equivalent,NVIDIA GeForce RTX 3060,12.1,unknown,,,0,True,63.752299873158336,124.80200012214482,1024,0.8628584926100302,0.263531027789358,0.7475998718291521,1.3429549639113247,1.4615709171630442,0.712099950760603,5.542899947613478,0.8348873440991156,0.25584309426341384,1.3027999877929688,0.8628584926100302,0.5,1.0,1601.0,1601.0,32.665,32.67,33.022456364413955,,False,success,,clean_benchmark,{},1.3
3,speech_command_recognizer,Google / depthwise-separable CNN on STFT spectrogram (18 classes),pytorch,"SpeechCNN (custom depthwise-sep, random init)",near_equivalent,NVIDIA GeForce RTX 3060,12.1,unknown,,,1,True,62.538100173696876,127.70089996047318,1024,0.8590340798946272,0.28643063495406007,0.7526999106630683,1.3480950379744172,1.4639870612882078,0.7207999005913734,7.041800068691373,0.8318357493844815,0.28056887163391,1.3103488147258757,0.8590340798946272,0.0,0.0,1601.0,1601.0,32.805,32.88,33.263991158095884,,False,success,,clean_benchmark,{},1.3
3,speech_command_recognizer,Google / depthwise-separable CNN on STFT spectrogram (18 classes),pytorch,"SpeechCNN (custom depthwise-sep, random init)",near_equivalent,NVIDIA GeForce RTX 3060,12.1,unknown,,,2,True,62.01900006271899,127.09080008789897,1024,0.8004429705579241,0.20933829312853178,0.750300008803606,1.0811450658366075,1.4286870253272352,0.7243999280035496,5.952900042757392,0.7747184699401259,0.20343165330052806,1.0535824418067923,0.8004429705579241,3.5,7.0,1606.0,1611.0,32.725,32.85,33.14077766627306,,False,success,,clean_benchmark,{},1.3
3,speech_command_recognizer,Google / depthwise-separable CNN on STFT spectrogram (18 classes),pytorch,"SpeechCNN (custom depthwise-sep, random init)",near_equivalent,NVIDIA GeForce RTX 3060,12.1,unknown,,,3,True,59.30850002914667,127.07479996606708,1024,0.8111691408885235,0.4325554473553803,0.7514500757679343,1.0165700572542846,1.4015178987756367,0.722699798643589,12.744000181555748,0.7851595941465348,0.4292496701429643,0.9848223984241484,0.8111691408885235,4.0,8.0,1601.0,1601.0,32.845,32.85,33.17189315074589,,False,success,,clean_benchmark,{},1.3
3,speech_command_recognizer,Google / depthwise-separable CNN on STFT spectrogram (18 classes),pytorch,"SpeechCNN (custom depthwise-sep, random init)",near_equivalent,NVIDIA GeForce RTX 3060,12.1,unknown,,,4,True,60.88009988889098,124.35550009831786,1024,0.7867281285598438,0.20173105429683735,0.7442999631166458,1.048204966355114,1.362560987472534,0.7201998960226774,5.901800002902746,0.7613894688547589,0.19563127546465098,1.022020751237868,0.7867281285598438,0.0,0.0,1601.0,1601.0,32.92,33.12,33.38637764243409,,False,success,,clean_benchmark,{},1.3
4,coco_ssd,SSD MobileNet V1 / TensorFlow Object Detection API (90 COCO classes),pytorch,ssdlite320_mobilenet_v3_large (torchvision COCO_V1),near_equivalent,NVIDIA GeForce RTX 3060,12.1,unknown,,,0,True,1343.3384001255035,354.61199982091784,1024,42.8999090815978,1.4239651400491642,42.73099999409169,44.646765128709376,45.43090605409816,40.935799945145845,62.86849989555776,42.86947217956185,1.4226576755419251,44.61796932220459,42.8999090815978,30.0,33.0,1732.8222222222223,1741.0,37.158,37.58,1654.1994347463592,,False,success,,clean_benchmark,{},1.3
4,coco_ssd,SSD MobileNet V1 / TensorFlow Object Detection API (90 COCO classes),pytorch,ssdlite320_mobilenet_v3_large (torchvision COCO_V1),near_equivalent,NVIDIA GeForce RTX 3060,12.1,unknown,,,1,True,1366.9459000229836,360.26569991372526,1024,44.24086992503362,3.06370316891487,42.98664990346879,50.73104492621496,54.48761602630838,41.05210001580417,68.34050011821091,44.20996814966202,3.061716475205727,50.68052463531494,44.24086992503362,29.195652173913043,32.0,1735.2608695652175,1741.0,37.07608695652174,37.48,1686.43839549116,,False,success,,clean_benchmark,{},1.3
4,coco_ssd,SSD MobileNet V1 / TensorFlow Object Detection API (90 COCO classes),pytorch,ssdlite320_mobilenet_v3_large (torchvision COCO_V1),near_equivalent,NVIDIA GeForce RTX 3060,12.1,unknown,,,2,True,1333.2113998476416,353.47500001080334,1024,42.78860966132925,1.1873381571117512,42.60919999796897,44.506840012036264,45.7427429035306,40.64840008504689,56.513600051403046,42.75852609425783,1.186098276246465,44.47876377105713,42.78860966132925,30.177777777777777,33.0,1731.4,1741.0,37.04266666666667,37.46,1645.1417343059038,,False,success,,clean_benchmark,{},1.3
4,coco_ssd,SSD MobileNet V1 / TensorFlow Object Detection API (90 COCO classes),pytorch,ssdlite320_mobilenet_v3_large (torchvision COCO_V1),near_equivalent,NVIDIA GeForce RTX 3060,12.1,unknown,,,3,True,1352.1548002026975,355.403000023216,1024,44.00472851307313,3.065386397357749,42.921849992126226,49.38713003648445,57.232106057927005,41.114999912679195,70.26299997232854,43.974063616245985,3.0632121982696034,49.346722221374506,44.00472851307313,29.52173913043478,33.0,1731.2608695652175,1737.0,36.86826086956522,37.33,1677.036732453803,,False,success,,clean_benchmark,{},1.3
4,coco_ssd,SSD MobileNet V1 / TensorFlow Object Detection API (90 COCO classes),pytorch,ssdlite320_mobilenet_v3_large (torchvision COCO_V1),near_equivalent,NVIDIA GeForce RTX 3060,12.1,unknown,,,4,True,1348.5149000771344,358.80799987353384,1024,42.62171708637652,1.7751969242180141,42.23264998290688,45.15674508875236,48.93879998009652,41.08420014381409,67.746999906376,42.59163765236735,1.772691292765924,45.12595405578613,42.62171708637652,30.8,36.0,1730.1333333333334,1737.0,37.071777777777775,37.63,1648.3066809048964,,False,success,,clean_benchmark,{},1.3
5,mobilebert,"Google MobileBERT-uncased (24 blocks × 128-dim, SQuAD 1.1 fine-tuned)",pytorch,google/mobilebert-uncased (HuggingFace transformers),near_equivalent,NVIDIA GeForce RTX 3060,12.1,unknown,,,0,True,4670.129199977964,119.78340009227395,1024,24.36521670347247,4.653569284151129,23.28370010945946,32.94513996224849,38.00859798910096,18.779699923470616,56.38840002939105,24.330437067896128,4.650137032859281,32.898763084411605,24.36521670347247,33.11538461538461,43.0,1697.8461538461538,1699.0,46.88961538461538,58.65,1183.3108784680112,,False,success,,clean_benchmark,{},1.3
5,mobilebert,"Google MobileBERT-uncased (24 blocks × 128-dim, SQuAD 1.1 fine-tuned)",pytorch,google/mobilebert-uncased (HuggingFace transformers),near_equivalent,NVIDIA GeForce RTX 3060,12.1,unknown,,,1,True,27671.36329994537,108.661700040102,1024,22.514046096603124,3.3067569050854138,21.696600131690502,28.34968500537797,32.461748928762965,19.004400121048093,51.26610002480447,22.4820810649544,3.303641545495243,28.31774644851684,22.514046096603124,36.333333333333336,43.0,1695.5416666666667,1698.0,52.72291666666666,58.59,1234.243732858121,,False,success,,clean_benchmark,{},1.3
5,mobilebert,"Google MobileBERT-uncased (24 blocks × 128-dim, SQuAD 1.1 fine-tuned)",pytorch,google/mobilebert-uncased (HuggingFace transformers),near_equivalent,NVIDIA GeForce RTX 3060,12.1,unknown,,,2,True,29929.177100071684,111.42859980463982,1024,20.630909858482482,1.2901999669136357,20.40759997908026,22.442219872027632,24.956694033462554,18.987500108778477,39.26980006508529,20.600392604246736,1.2873409614725588,22.405224514007568,20.630909858482482,38.27272727272727,47.0,1694.6363636363637,1695.0,55.716818181818184,59.47,1190.2291274993506,,False,success,,clean_benchmark,{},1.3
5,mobilebert,"Google MobileBERT-uncased (24 blocks × 128-dim, SQuAD 1.1 fine-tuned)",pytorch,google/mobilebert-uncased (HuggingFace transformers),near_equivalent,NVIDIA GeForce RTX 3060,12.1,unknown,,,3,True,4443.803200032562,106.48650000803173,1024,21.373767387785847,2.5040290928265696,20.754699944518507,25.181929848622527,30.59810097562148,18.79000011831522,49.83890010043979,21.34383012354374,2.501080849622084,25.152566814422606,21.373767387785847,36.69565217391305,44.0,1694.6521739130435,1695.0,55.416956521739124,59.24,1235.2102817517684,,False,success,,clean_benchmark,{},1.3
5,mobilebert,"Google MobileBERT-uncased (24 blocks × 128-dim, SQuAD 1.1 fine-tuned)",pytorch,google/mobilebert-uncased (HuggingFace transformers),near_equivalent,NVIDIA GeForce RTX 3060,12.1,unknown,,,4,True,4521.64819999598,105.95270013436675,1024,20.919170606020998,2.013250078546796,20.367550081573427,24.545080005191267,28.068173958454278,18.92889989539981,44.59069995209575,20.889076825231314,2.0108678504896815,24.51276807785034,20.919170606020998,37.0,43.0,1691.0,1691.0,55.96347826086957,59.51,1252.0102650880333,,False,success,,clean_benchmark,{},1.3
6,mobilenetv3,"MobileNetV3-Small / ImageNet-1K (1000 classes, 224×224 input)",pytorch,mobilenet_v3_small (torchvision IMAGENET1K_V1),near_equivalent,NVIDIA GeForce RTX 3060,12.1,unknown,,,0,True,1293.3915997855365,174.92019990459085,1024,3.030886225587892,0.3266223134257159,2.884600078687072,3.7973650265485044,3.906447880435735,2.7461000718176365,6.591599900275469,3.002689875662327,0.3248334988865386,3.7707136511802672,3.030886225587892,15.8,27.0,1685.0,1737.0,36.08,39.07,145.71841941754218,,False,success,,clean_benchmark,{},1.3
6,mobilenetv3,"MobileNetV3-Small / ImageNet-1K (1000 classes, 224×224 input)",pytorch,mobilenet_v3_small (torchvision IMAGENET1K_V1),near_equivalent,NVIDIA GeForce RTX 3060,12.1,unknown,,,1,True,1273.744700010866,177.77720000594854,1024,3.0236527397846658,0.4516343839100661,2.8612499590963125,3.779685008339584,3.9118310110643506,2.715500071644783,11.740599991753697,2.9953225017525256,0.4491826567372451,3.7502415776252747,3.0236527397846658,11.2,28.0,1685.0,1737.0,35.862,39.1,145.16086859792938,,False,success,,clean_benchmark,{},1.3
6,mobilenetv3,"MobileNetV3-Small / ImageNet-1K (1000 classes, 224×224 input)",pytorch,mobilenet_v3_small (torchvision IMAGENET1K_V1),near_equivalent,NVIDIA GeForce RTX 3060,12.1,unknown,,,2,True,1299.461399903521,181.49730004370213,1024,3.226170603511491,0.6414475411593722,2.9138500103726983,4.771925031673161,5.154159103985876,2.748599974438548,6.357700098305941,3.1967960956972092,0.6381315111773751,4.743920087814329,3.226170603511491,15.0,26.0,1685.0,1737.0,35.532,38.53,143.06251787599524,,False,success,,clean_benchmark,{},1.3
6,mobilenetv3,"MobileNetV3-Small / ImageNet-1K (1000 classes, 224×224 input)",pytorch,mobilenet_v3_small (torchvision IMAGENET1K_V1),near_equivalent,NVIDIA GeForce RTX 3060,12.1,unknown,,,3,True,1270.3549000434577,179.16109994985163,1024,3.2065594650703133,0.6213563435898606,2.9051000019535422,4.67873505549505,5.06803909316659,2.7270999271422625,6.38719997368753,3.176712310872972,0.6174618755320234,4.642712140083309,3.2065594650703133,15.4,27.0,1685.0,1737.0,35.596,38.65,143.48805400135808,,False,success,,clean_benchmark,{},1.3
6,mobilenetv3,"MobileNetV3-Small / ImageNet-1K (1000 classes, 224×224 input)",pytorch,mobilenet_v3_small (torchvision IMAGENET1K_V1),near_equivalent,NVIDIA GeForce RTX 3060,12.1,unknown,,,4,True,1288.1699001882225,179.59189997054636,1024,3.1258560566129745,0.6265733922692172,2.8447500662878156,4.719565098639578,5.087332881521434,2.6976000517606735,7.532499963417649,3.0965370004996657,0.6227382195399541,4.673230409622192,3.1258560566129745,15.2,27.0,1685.0,1737.0,35.814,38.76,145.33770361322095,,False,success,,clean_benchmark,{},1.3
9,posenet,"Google PoseNet — MobileNet V1, 17 COCO keypoints, 2D heatmap (legacy; TF.js has since migrated to BlazePose / MoveNet)",mediapipe,pose_landmarker_lite.task,near_equivalent,NVIDIA GeForce RTX 3060,12.1,unknown,,,0,True,3078.3323000650853,22.317999973893166,1024,8.612174216295898,0.36607799888311066,8.578450069762766,8.861894975416362,9.552596032153815,8.217999944463372,18.61289981752634,8.561558091081679,0.3646685995068189,8.802436876296998,8.612174216295898,0.0,0.0,1545.0,1545.0,32.648,33.05,295.8158382573969,,False,success,,clean_benchmark,{},1.3
9,posenet,"Google PoseNet — MobileNet V1, 17 COCO keypoints, 2D heatmap (legacy; TF.js has since migrated to BlazePose / MoveNet)",mediapipe,pose_landmarker_lite.task,near_equivalent,NVIDIA GeForce RTX 3060,12.1,unknown,,,1,True,3082.6420998200774,22.46460015885532,1024,8.545725203020993,0.19556828193644382,8.518849965184927,8.87874000472948,9.220552921760827,8.120800135657191,9.977800073102117,8.493897564709187,0.19122047935134587,8.811121320724487,8.545725203020993,0.0,0.0,1545.0,1545.0,33.089999999999996,33.38,300.49560906662254,,False,success,,clean_benchmark,{},1.3
9,posenet,"Google PoseNet — MobileNet V1, 17 COCO keypoints, 2D heatmap (legacy; TF.js has since migrated to BlazePose / MoveNet)",mediapipe,pose_landmarker_lite.task,near_equivalent,NVIDIA GeForce RTX 3060,12.1,unknown,,,2,True,3099.645799957216,22.4568999838084,1024,8.621726662795481,0.31460766365380427,8.566799922846258,9.0686600189656,9.802925165276974,8.109600050374866,12.735700001940131,8.567692121490836,0.3112246442571171,8.999655628204344,8.621726662795481,0.6,6.0,1545.0,1545.0,32.817,33.06,297.22588533271335,,False,success,,clean_benchmark,{},1.3
9,posenet,"Google PoseNet — MobileNet V1, 17 COCO keypoints, 2D heatmap (legacy; TF.js has since migrated to BlazePose / MoveNet)",mediapipe,pose_landmarker_lite.task,near_equivalent,NVIDIA GeForce RTX 3060,12.1,unknown,,,3,True,3061.9413999374956,22.235000040382147,1024,8.539302149983996,0.23813616268525906,8.512400090694427,8.839585038367659,9.334183186292645,8.11469997279346,12.078800005838275,8.496424651704729,0.2359006336257239,8.796569585800171,8.539302149983996,0.0,0.0,1545.0,1545.0,32.769,33.01,297.821702724552,,False,success,,clean_benchmark,{},1.3
9,posenet,"Google PoseNet — MobileNet V1, 17 COCO keypoints, 2D heatmap (legacy; TF.js has since migrated to BlazePose / MoveNet)",mediapipe,pose_landmarker_lite.task,near_equivalent,NVIDIA GeForce RTX 3060,12.1,unknown,,,4,True,3053.8136998657137,22.35109987668693,1024,8.542584080032611,0.36128348588025705,8.50375008303672,8.810380031354725,9.57082889275625,8.118500001728535,17.546699848026037,8.496963228099048,0.36047985332794324,8.754300880432128,8.542584080032611,0.0,0.0,1545.0,1545.0,32.855000000000004,33.1,298.5449628006073,,False,success,,clean_benchmark,{},1.3
10,deeplabv3,DeepLabV3+ / MobileNetV2 backbone / Pascal VOC 21 classes (dilated convolutions + ASPP),pytorch,deeplabv3_mobilenet_v3_large (torchvision COCO_WITH_VOC_LABELS_V1),near_equivalent,NVIDIA GeForce RTX 3060,12.1,unknown,,,0,True,1350.275499979034,232.11690015159547,1024,7.189395220166261,0.7270264240264717,6.808849982917309,8.636494888924062,9.072731013875455,6.570000201463699,12.444499880075455,7.14269228419289,0.7168284295441282,8.585824108123779,7.189395220166261,71.11111111111111,95.0,1761.2222222222222,1799.0,93.33444444444444,117.74,769.0673339793284,,False,success,,clean_benchmark,{},1.3
10,deeplabv3,DeepLabV3+ / MobileNetV2 backbone / Pascal VOC 21 classes (dilated convolutions + ASPP),pytorch,deeplabv3_mobilenet_v3_large (torchvision COCO_WITH_VOC_LABELS_V1),near_equivalent,NVIDIA GeForce RTX 3060,12.1,unknown,,,1,True,1370.0517998076975,243.08490008115768,1024,7.278206835735546,1.0174731173282572,6.875049904920161,8.6421950138174,8.978000991046429,6.575600011274219,28.678399976342916,7.228013343177736,0.9968530989960809,8.597455739974976,7.278206835735546,71.11111111111111,95.0,1761.2222222222222,1799.0,92.02777777777777,117.43,757.0764986499131,,False,success,,clean_benchmark,{},1.3
10,deeplabv3,DeepLabV3+ / MobileNetV2 backbone / Pascal VOC 21 classes (dilated convolutions + ASPP),pytorch,deeplabv3_mobilenet_v3_large (torchvision COCO_WITH_VOC_LABELS_V1),near_equivalent,NVIDIA GeForce RTX 3060,12.1,unknown,,,2,True,1335.9854000154883,230.14350002631545,1024,7.182327440887093,0.7896701735593735,6.752850022166967,8.654760010540485,9.001777064986527,6.585800088942051,16.901700058951974,7.139669900294393,0.7858893739695473,8.605388593673705,7.182327440887093,72.0,97.0,1761.2222222222222,1799.0,94.85444444444444,118.77,786.5546203397819,,False,success,,clean_benchmark,{},1.3
10,deeplabv3,DeepLabV3+ / MobileNetV2 backbone / Pascal VOC 21 classes (dilated convolutions + ASPP),pytorch,deeplabv3_mobilenet_v3_large (torchvision COCO_WITH_VOC_LABELS_V1),near_equivalent,NVIDIA GeForce RTX 3060,12.1,unknown,,,3,True,1335.4583999607712,223.33959979005158,1024,7.149474509560605,0.7624157398221865,6.734300055541098,8.638974791392684,9.233524047303945,6.598199950531125,13.7253999710083,7.100177969317883,0.7372031242244093,8.584898853302,7.149474509560605,71.44444444444444,97.0,1761.2222222222222,1799.0,94.06333333333333,119.52,773.461340569103,,False,success,,clean_benchmark,{},1.3
10,deeplabv3,DeepLabV3+ / MobileNetV2 backbone / Pascal VOC 21 classes (dilated convolutions + ASPP),pytorch,deeplabv3_mobilenet_v3_large (torchvision COCO_WITH_VOC_LABELS_V1),near_equivalent,NVIDIA GeForce RTX 3060,12.1,unknown,,,4,True,1337.469199905172,222.83430001698434,1024,7.025404783689737,0.645564785340316,6.7159500904381275,8.40809504734352,8.80754898302257,6.60800002515316,14.355599880218506,6.975216814316809,0.5997828260983193,8.346337795257567,7.025404783689737,65.0,95.0,1761.2222222222222,1799.0,94.96777777777778,121.84,784.7482405401707,,False,success,,clean_benchmark,{},1.3
